NOC,Country,Year,Population,Bronze,Silver,Gold,Total,Population Per Gold,Population Per Silver,Population Per Bronze,Population Per Medal
AUS,Australia,1896,,1.0,0.0,2.0,3.0,,,,
AUT,Austria,1896,,2.0,1.0,2.0,5.0,,,,
DEN,Denmark,1896,,3.0,2.0,1.0,6.0,,,,
FRA,France,1896,,2.0,4.0,5.0,11.0,,,,
GER,Germany,1896,,2.0,5.0,7.0,14.0,,,,
GRE,Greece,1896,,17.0,17.0,10.0,44.0,,,,
HUN,Hungary,1896,,3.0,1.0,2.0,6.0,,,,
SUI,Switzerland,1896,,0.0,2.0,1.0,3.0,,,,
GBR,UK,1896,,3.0,3.0,3.0,9.0,,,,
USA,USA,1896,,2.0,6.0,11.0,19.0,,,,
AUS,Australia,1900,,3.0,0.0,3.0,6.0,,,,
AUT,Austria,1900,,3.0,3.0,0.0,6.0,,,,
BEL,Belgium,1900,,5.0,7.0,6.0,18.0,,,,
CAN,Canada,1900,,1.0,0.0,1.0,2.0,,,,
COL,Colombia,1900,,0.0,1.0,0.0,1.0,,,,
CUB,Cuba,1900,,0.0,1.0,1.0,2.0,,,,
BOH,Czech Republic,1900,,2.0,1.0,0.0,3.0,,,,
DEN,Denmark,1900,,2.0,3.0,2.0,7.0,,,,
FRA,France,1900,,34.0,40.0,28.0,102.0,,,,
GER,Germany,1900,,1.0,3.0,4.0,8.0,,,,
HAI,Haiti,1900,,0.0,0.0,1.0,1.0,,,,
HUN,Hungary,1900,,2.0,2.0,1.0,5.0,,,,
IND,India,1900,,0.0,2.0,0.0,2.0,,,,
ITA,Italy,1900,,0.0,2.0,3.0,5.0,,,,
LUX,Luxembourg,1900,,0.0,0.0,1.0,1.0,,,,
MEX,Mexico,1900,,1.0,0.0,0.0,1.0,,,,
NED,Netherlands,1900,,4.0,2.0,1.0,7.0,,,,
NZL,New Zealand,1900,,0.0,0.0,1.0,1.0,,,,
NOR,Norway,1900,,3.0,2.0,0.0,5.0,,,,
ESP,Spain,1900,,0.0,0.0,1.0,1.0,,,,
SWE,Sweden,1900,,1.0,0.0,1.0,2.0,,,,
SUI,Switzerland,1900,,1.0,2.0,6.0,9.0,,,,
GBR,UK,1900,,12.0,11.0,19.0,42.0,,,,
USA,USA,1900,,17.0,16.0,21.0,54.0,,,,
AUS,Australia,1904,,1.0,3.0,0.0,4.0,,,,
AUT,Austria,1904,,1.0,1.0,2.0,4.0,,,,
CAN,Canada,1904,,1.0,1.0,4.0,6.0,,,,
NFL,Canada,1904,,1.0,1.0,4.0,6.0,,,,
CUB,Cuba,1904,,0.0,0.0,4.0,4.0,,,,
FRA,France,1904,,0.0,2.0,0.0,2.0,,,,
GER,Germany,1904,,7.0,5.0,4.0,16.0,,,,
GRE,Greece,1904,,1.0,0.0,1.0,2.0,,,,
HUN,Hungary,1904,,1.0,1.0,2.0,4.0,,,,
NOR,Norway,1904,,0.0,0.0,2.0,2.0,,,,
SUI,Switzerland,1904,,2.0,0.0,1.0,3.0,,,,
GBR,UK,1904,,0.0,1.0,1.0,2.0,,,,
USA,USA,1904,,75.0,79.0,76.0,230.0,,,,
AUS,Australia,1906,,3.0,0.0,0.0,3.0,,,,
AUT,Austria,1906,,3.0,3.0,3.0,9.0,,,,
BEL,Belgium,1906,,3.0,2.0,2.0,7.0,,,,
CAN,Canada,1906,,0.0,1.0,1.0,2.0,,,,
BOH,Czech Republic,1906,,2.0,0.0,0.0,2.0,,,,
DEN,Denmark,1906,,1.0,2.0,3.0,6.0,,,,
FIN,Finland,1906,,1.0,1.0,2.0,4.0,,,,
FRA,France,1906,,16.0,10.0,15.0,41.0,,,,
GER,Germany,1906,,4.0,6.0,4.0,14.0,,,,
CRT,Greece,1906,,13.0,14.0,8.0,35.0,,,,
GRE,Greece,1906,,13.0,14.0,8.0,35.0,,,,
HUN,Hungary,1906,,3.0,5.0,2.0,10.0,,,,
ITA,Italy,1906,,3.0,6.0,7.0,16.0,,,,
NED,Netherlands,1906,,2.0,1.0,0.0,3.0,,,,
NOR,Norway,1906,,0.0,1.0,1.0,2.0,,,,
SWE,Sweden,1906,,7.0,5.0,2.0,14.0,,,,
SUI,Switzerland,1906,,1.0,3.0,4.0,8.0,,,,
GBR,UK,1906,,5.0,12.0,8.0,25.0,,,,
USA,USA,1906,,6.0,5.0,12.0,23.0,,,,
ANZ,Australia,1908,,2.0,2.0,1.0,5.0,,,,
AUT,Austria,1908,,1.0,0.0,0.0,1.0,,,,
BEL,Belgium,1908,,2.0,5.0,1.0,8.0,,,,
CAN,Canada,1908,,10.0,3.0,3.0,16.0,,,,
BOH,Czech Republic,1908,,2.0,0.0,0.0,2.0,,,,
DEN,Denmark,1908,,3.0,2.0,0.0,5.0,,,,
FIN,Finland,1908,,3.0,1.0,1.0,5.0,,,,
FRA,France,1908,,9.0,5.0,5.0,19.0,,,,
GER,Germany,1908,,5.0,5.0,3.0,13.0,,,,
GRE,Greece,1908,,1.0,3.0,0.0,4.0,,,,
HUN,Hungary,1908,,2.0,4.0,3.0,9.0,,,,
ITA,Italy,1908,,0.0,2.0,2.0,4.0,,,,
NED,Netherlands,1908,,2.0,0.0,0.0,2.0,,,,
NOR,Norway,1908,,3.0,3.0,2.0,8.0,,,,
RUS,Russia,1908,,0.0,2.0,1.0,3.0,,,,
RSA,South Africa,1908,,0.0,1.0,1.0,2.0,,,,
SWE,Sweden,1908,,11.0,6.0,8.0,25.0,,,,
GBR,UK,1908,,37.0,50.0,56.0,143.0,,,,
USA,USA,1908,,12.0,12.0,22.0,46.0,,,,
ANZ,Australia,1912,,3.0,2.0,2.0,7.0,,,,
AUT,Austria,1912,,2.0,2.0,0.0,4.0,,,,
BEL,Belgium,1912,,3.0,1.0,2.0,6.0,,,,
CAN,Canada,1912,,3.0,2.0,3.0,8.0,,,,
DEN,Denmark,1912,,5.0,6.0,1.0,12.0,,,,
FIN,Finland,1912,,9.0,8.0,9.0,26.0,,,,
FRA,France,1912,,3.0,5.0,7.0,15.0,,,,
GER,Germany,1912,,7.0,13.0,6.0,26.0,,,,
GRE,Greece,1912,,1.0,0.0,1.0,2.0,,,,
HUN,Hungary,1912,,3.0,2.0,3.0,8.0,,,,
ITA,Italy,1912,,2.0,1.0,5.0,8.0,,,,
NED,Netherlands,1912,,3.0,0.0,0.0,3.0,,,,
NOR,Norway,1912,,5.0,1.0,4.0,10.0,,,,
RUS,Russia,1912,,3.0,2.0,0.0,5.0,,,,
RSA,South Africa,1912,,0.0,2.0,4.0,6.0,,,,
SWE,Sweden,1912,,17.0,24.0,24.0,65.0,,,,
SUI,Switzerland,1912,,0.0,0.0,1.0,1.0,,,,
GBR,UK,1912,,16.0,15.0,10.0,41.0,,,,
USA,USA,1912,,19.0,18.0,26.0,63.0,,,,
AUS,Australia,1920,,1.0,2.0,0.0,3.0,,,,
BEL,Belgium,1920,,14.0,12.0,16.0,42.0,,,,
BRA,Brazil,1920,,1.0,1.0,1.0,3.0,,,,
CAN,Canada,1920,,3.0,3.0,3.0,9.0,,,,
TCH,Czech Republic,1920,,2.0,0.0,0.0,2.0,,,,
DEN,Denmark,1920,,1.0,9.0,3.0,13.0,,,,
EST,Estonia,1920,,0.0,2.0,1.0,3.0,,,,
FIN,Finland,1920,,9.0,10.0,15.0,34.0,,,,
FRA,France,1920,,13.0,20.0,9.0,42.0,,,,
GRE,Greece,1920,,0.0,1.0,0.0,1.0,,,,
ITA,Italy,1920,,5.0,6.0,14.0,25.0,,,,
JPN,Japan,1920,,0.0,2.0,0.0,2.0,,,,
LUX,Luxembourg,1920,,0.0,1.0,0.0,1.0,,,,
NED,Netherlands,1920,,5.0,2.0,4.0,11.0,,,,
NZL,New Zealand,1920,,1.0,0.0,0.0,1.0,,,,
NOR,Norway,1920,,9.0,10.0,10.0,29.0,,,,
RSA,South Africa,1920,,3.0,4.0,3.0,10.0,,,,
ESP,Spain,1920,,0.0,2.0,0.0,2.0,,,,
SWE,Sweden,1920,,25.0,20.0,19.0,64.0,,,,
SUI,Switzerland,1920,,7.0,2.0,2.0,11.0,,,,
GBR,UK,1920,,13.0,16.0,14.0,43.0,,,,
USA,USA,1920,,27.0,27.0,41.0,95.0,,,,
ARG,Argentina,1924,,2.0,3.0,1.0,6.0,,,,
AUS,Australia,1924,,2.0,1.0,3.0,6.0,,,,
AUT,Austria,1924,,1.0,3.0,0.0,4.0,,,,
BEL,Belgium,1924,,3.0,7.0,3.0,13.0,,,,
CAN,Canada,1924,,1.0,3.0,0.0,4.0,,,,
TCH,Czech Republic,1924,,5.0,4.0,1.0,10.0,,,,
DEN,Denmark,1924,,3.0,6.0,2.0,11.0,,,,
EST,Estonia,1924,,4.0,1.0,1.0,6.0,,,,
FIN,Finland,1924,,10.0,13.0,14.0,37.0,,,,
FRA,France,1924,,12.0,14.0,14.0,40.0,,,,
GRE,Greece,1924,,0.0,0.0,1.0,1.0,,,,
HAI,Haiti,1924,,1.0,0.0,0.0,1.0,,,,
HUN,Hungary,1924,,4.0,4.0,2.0,10.0,,,,
IRL,Ireland,1924,,1.0,1.0,0.0,2.0,,,,
ITA,Italy,1924,,5.0,3.0,8.0,16.0,,,,
JPN,Japan,1924,,1.0,0.0,0.0,1.0,,,,
LUX,Luxembourg,1924,,0.0,1.0,1.0,2.0,,,,
MON,Monaco,1924,,1.0,0.0,0.0,1.0,,,,
NED,Netherlands,1924,,6.0,1.0,4.0,11.0,,,,
NZL,New Zealand,1924,,1.0,0.0,0.0,1.0,,,,
NOR,Norway,1924,,3.0,2.0,5.0,10.0,,,,
POL,Poland,1924,,1.0,1.0,0.0,2.0,,,,
POR,Portugal,1924,,1.0,0.0,0.0,1.0,,,,
ROU,Romania,1924,,1.0,0.0,0.0,1.0,,,,
YUG,Serbia,1924,,0.0,0.0,2.0,2.0,,,,
RSA,South Africa,1924,,1.0,1.0,1.0,3.0,,,,
SWE,Sweden,1924,,12.0,13.0,4.0,29.0,,,,
SUI,Switzerland,1924,,10.0,8.0,7.0,25.0,,,,
GBR,UK,1924,,12.0,14.0,9.0,35.0,,,,
USA,USA,1924,,27.0,27.0,45.0,99.0,,,,
URU,Uruguay,1924,,0.0,0.0,1.0,1.0,,,,
ARG,Argentina,1928,,1.0,3.0,3.0,7.0,,,,
AUS,Australia,1928,,1.0,2.0,1.0,4.0,,,,
AUT,Austria,1928,,1.0,0.0,3.0,4.0,,,,
BEL,Belgium,1928,,2.0,1.0,0.0,3.0,,,,
CAN,Canada,1928,,7.0,4.0,4.0,15.0,,,,
CHI,Chile,1928,,0.0,1.0,0.0,1.0,,,,
TCH,Czech Republic,1928,,2.0,5.0,2.0,9.0,,,,
DEN,Denmark,1928,,4.0,2.0,3.0,9.0,,,,
EGY,Egypt,1928,,1.0,1.0,2.0,4.0,,,,
EST,Estonia,1928,,2.0,1.0,2.0,5.0,,,,
FIN,Finland,1928,,9.0,8.0,8.0,25.0,,,,
FRA,France,1928,,6.0,12.0,7.0,25.0,,,,
GER,Germany,1928,,19.0,9.0,11.0,39.0,,,,
HAI,Haiti,1928,,0.0,1.0,0.0,1.0,,,,
HUN,Hungary,1928,,0.0,5.0,5.0,10.0,,,,
IND,India,1928,,0.0,0.0,1.0,1.0,,,,
IRL,Ireland,1928,,0.0,0.0,1.0,1.0,,,,
ITA,Italy,1928,,7.0,6.0,7.0,20.0,,,,
JPN,Japan,1928,,1.0,2.0,2.0,5.0,,,,
LUX,Luxembourg,1928,,0.0,0.0,1.0,1.0,,,,
NED,Netherlands,1928,,5.0,10.0,8.0,23.0,,,,
NZL,New Zealand,1928,,0.0,0.0,1.0,1.0,,,,
NOR,Norway,1928,,1.0,2.0,1.0,4.0,,,,
PHI,Philippines,1928,,1.0,0.0,0.0,1.0,,,,
POL,Poland,1928,,4.0,1.0,2.0,7.0,,,,
POR,Portugal,1928,,1.0,0.0,0.0,1.0,,,,
YUG,Serbia,1928,,3.0,1.0,1.0,5.0,,,,
RSA,South Africa,1928,,2.0,0.0,1.0,3.0,,,,
ESP,Spain,1928,,0.0,0.0,1.0,1.0,,,,
SWE,Sweden,1928,,12.0,6.0,7.0,25.0,,,,
SUI,Switzerland,1928,,4.0,6.0,7.0,17.0,,,,
GBR,UK,1928,,7.0,11.0,4.0,22.0,,,,
USA,USA,1928,,16.0,18.0,22.0,56.0,,,,
URU,Uruguay,1928,,0.0,0.0,1.0,1.0,,,,
ARG,Argentina,1932,,0.0,1.0,3.0,4.0,,,,
AUS,Australia,1932,,1.0,1.0,3.0,5.0,,,,
AUT,Austria,1932,,3.0,1.0,1.0,5.0,,,,
BEL,Belgium,1932,,1.0,0.0,0.0,1.0,,,,
CAN,Canada,1932,,9.0,5.0,2.0,16.0,,,,
TCH,Czech Republic,1932,,2.0,3.0,1.0,6.0,,,,
DEN,Denmark,1932,,3.0,5.0,0.0,8.0,,,,
FIN,Finland,1932,,12.0,8.0,5.0,25.0,,,,
FRA,France,1932,,4.0,5.0,11.0,20.0,,,,
GER,Germany,1932,,7.0,12.0,5.0,24.0,,,,
HUN,Hungary,1932,,5.0,5.0,6.0,16.0,,,,
IND,India,1932,,0.0,0.0,1.0,1.0,,,,
IRL,Ireland,1932,,0.0,0.0,2.0,2.0,,,,
ITA,Italy,1932,,12.0,12.0,12.0,36.0,,,,
JPN,Japan,1932,,4.0,7.0,7.0,18.0,,,,
LAT,Latvia,1932,,0.0,1.0,0.0,1.0,,,,
MEX,Mexico,1932,,0.0,2.0,0.0,2.0,,,,
NED,Netherlands,1932,,1.0,5.0,2.0,8.0,,,,
NZL,New Zealand,1932,,0.0,1.0,0.0,1.0,,,,
PHI,Philippines,1932,,3.0,0.0,0.0,3.0,,,,
POL,Poland,1932,,4.0,2.0,3.0,9.0,,,,
RSA,South Africa,1932,,3.0,0.0,2.0,5.0,,,,
ESP,Spain,1932,,1.0,0.0,0.0,1.0,,,,
SWE,Sweden,1932,,9.0,5.0,10.0,24.0,,,,
SUI,Switzerland,1932,,0.0,1.0,0.0,1.0,,,,
GBR,UK,1932,,5.0,7.0,5.0,17.0,,,,
USA,USA,1932,,30.0,36.0,44.0,110.0,,,,
URU,Uruguay,1932,,1.0,0.0,0.0,1.0,,,,
ARG,Argentina,1936,,3.0,2.0,2.0,7.0,,,,
AUS,Australia,1936,,1.0,0.0,0.0,1.0,,,,
AUT,Austria,1936,,5.0,7.0,5.0,17.0,,,,
BEL,Belgium,1936,,3.0,0.0,0.0,3.0,,,,
CAN,Canada,1936,,5.0,3.0,1.0,9.0,,,,
TCH,Czech Republic,1936,,1.0,5.0,3.0,9.0,,,,
DEN,Denmark,1936,,3.0,2.0,0.0,5.0,,,,
EGY,Egypt,1936,,2.0,1.0,2.0,5.0,,,,
EST,Estonia,1936,,3.0,2.0,2.0,7.0,,,,
FIN,Finland,1936,,6.0,6.0,8.0,20.0,,,,
FRA,France,1936,,6.0,6.0,7.0,19.0,,,,
GER,Germany,1936,,32.0,31.0,38.0,101.0,,,,
HUN,Hungary,1936,,5.0,1.0,10.0,16.0,,,,
IND,India,1936,,0.0,0.0,1.0,1.0,,,,
ITA,Italy,1936,,5.0,13.0,9.0,27.0,,,,
JPN,Japan,1936,,10.0,4.0,6.0,20.0,,,,
LAT,Latvia,1936,,1.0,1.0,0.0,2.0,,,,
MEX,Mexico,1936,,3.0,0.0,0.0,3.0,,,,
NED,Netherlands,1936,,7.0,4.0,6.0,17.0,,,,
NZL,New Zealand,1936,,0.0,0.0,1.0,1.0,,,,
NOR,Norway,1936,,2.0,3.0,1.0,6.0,,,,
PHI,Philippines,1936,,1.0,0.0,0.0,1.0,,,,
POL,Poland,1936,,5.0,4.0,0.0,9.0,,,,
POR,Portugal,1936,,1.0,0.0,0.0,1.0,,,,
ROU,Romania,1936,,0.0,1.0,0.0,1.0,,,,
YUG,Serbia,1936,,0.0,1.0,0.0,1.0,,,,
RSA,South Africa,1936,,0.0,1.0,0.0,1.0,,,,
SWE,Sweden,1936,,10.0,5.0,6.0,21.0,,,,
SUI,Switzerland,1936,,5.0,9.0,4.0,18.0,,,,
TUR,Turkey,1936,,1.0,0.0,1.0,2.0,,,,
GBR,UK,1936,,3.0,7.0,4.0,14.0,,,,
USA,USA,1936,,12.0,21.0,24.0,57.0,,,,
ARG,Argentina,1948,,1.0,3.0,3.0,7.0,,,,
AUS,Australia,1948,,5.0,6.0,2.0,13.0,,,,
AUT,Austria,1948,,4.0,2.0,2.0,8.0,,,,
BEL,Belgium,1948,,3.0,2.0,2.0,7.0,,,,
BRA,Brazil,1948,,1.0,0.0,0.0,1.0,,,,
CAN,Canada,1948,,2.0,2.0,0.0,4.0,,,,
CUB,Cuba,1948,,0.0,1.0,0.0,1.0,,,,
TCH,Czech Republic,1948,,3.0,2.0,6.0,11.0,,,,
DEN,Denmark,1948,,9.0,8.0,5.0,22.0,,,,
EGY,Egypt,1948,,1.0,2.0,2.0,5.0,,,,
FIN,Finland,1948,,6.0,8.0,8.0,22.0,,,,
FRA,France,1948,,15.0,6.0,11.0,32.0,,,,
HUN,Hungary,1948,,12.0,5.0,10.0,27.0,,,,
IND,India,1948,,0.0,0.0,1.0,1.0,,,,
IRI,Iran,1948,,1.0,0.0,0.0,1.0,,,,
IRL,Ireland,1948,,1.0,0.0,0.0,1.0,,,,
ITA,Italy,1948,,10.0,12.0,9.0,31.0,,,,
JAM,Jamaica,1948,,0.0,2.0,1.0,3.0,,,,
MEX,Mexico,1948,,2.0,1.0,2.0,5.0,,,,
NED,Netherlands,1948,,9.0,2.0,5.0,16.0,,,,
NOR,Norway,1948,,3.0,3.0,1.0,7.0,,,,
PAN,Panama,1948,,2.0,0.0,0.0,2.0,,,,
PER,Peru,1948,,0.0,0.0,1.0,1.0,,,,
POL,Poland,1948,,1.0,0.0,1.0,2.0,,,,
POR,Portugal,1948,,1.0,1.0,0.0,2.0,,,,
PUR,Puerto Rico,1948,,1.0,0.0,0.0,1.0,,,,
YUG,Serbia,1948,,0.0,2.0,0.0,2.0,,,,
RSA,South Africa,1948,,2.0,2.0,2.0,6.0,,,,
KOR,South Korea,1948,,2.0,0.0,0.0,2.0,,,,
ESP,Spain,1948,,0.0,1.0,0.0,1.0,,,,
SRI,Sri Lanka,1948,,0.0,1.0,0.0,1.0,,,,
SWE,Sweden,1948,,18.0,11.0,17.0,46.0,,,,
SUI,Switzerland,1948,,5.0,12.0,5.0,22.0,,,,
TTO,Trinidad,1948,,0.0,1.0,0.0,1.0,,,,
TUR,Turkey,1948,,2.0,4.0,6.0,12.0,,,,
GBR,UK,1948,,7.0,16.0,4.0,27.0,,,,
USA,USA,1948,,19.0,27.0,38.0,84.0,,,,
URU,Uruguay,1948,,1.0,1.0,0.0,2.0,,,,
ARG,Argentina,1952,,2.0,2.0,1.0,5.0,,,,
AUS,Australia,1952,,3.0,2.0,6.0,11.0,,,,
AUT,Austria,1952,,1.0,1.0,0.0,2.0,,,,
BEL,Belgium,1952,,0.0,2.0,2.0,4.0,,,,
BRA,Brazil,1952,,2.0,0.0,1.0,3.0,,,,
BUL,Bulgaria,1952,,1.0,0.0,0.0,1.0,,,,
CAN,Canada,1952,,0.0,2.0,1.0,3.0,,,,
CHI,Chile,1952,,0.0,2.0,0.0,2.0,,,,
TCH,Czech Republic,1952,,3.0,3.0,7.0,13.0,,,,
DEN,Denmark,1952,,3.0,1.0,2.0,6.0,,,,
EGY,Egypt,1952,,1.0,0.0,0.0,1.0,,,,
FIN,Finland,1952,,13.0,3.0,6.0,22.0,,,,
FRA,France,1952,,6.0,6.0,6.0,18.0,,,,
GER,Germany,1952,,17.0,7.0,0.0,24.0,,,,
SAA,Germany,1952,,17.0,7.0,0.0,24.0,,,,
HUN,Hungary,1952,,16.0,10.0,16.0,42.0,,,,
IND,India,1952,,1.0,0.0,1.0,2.0,,,,
IRI,Iran,1952,,4.0,3.0,0.0,7.0,,,,
IRL,Ireland,1952,,0.0,1.0,0.0,1.0,,,,
ITA,Italy,1952,,4.0,9.0,8.0,21.0,,,,
JAM,Jamaica,1952,,0.0,3.0,2.0,5.0,,,,
JPN,Japan,1952,,1.0,6.0,1.0,8.0,,,,
LIB,Lebanon,1952,,1.0,1.0,0.0,2.0,,,,
LUX,Luxembourg,1952,,0.0,0.0,1.0,1.0,,,,
MEX,Mexico,1952,,0.0,1.0,0.0,1.0,,,,
NED,Netherlands,1952,,0.0,5.0,0.0,5.0,,,,
NZL,New Zealand,1952,,2.0,0.0,1.0,3.0,,,,
NOR,Norway,1952,,0.0,2.0,3.0,5.0,,,,
POL,Poland,1952,,1.0,2.0,1.0,4.0,,,,
POR,Portugal,1952,,1.0,0.0,0.0,1.0,,,,
ROU,Romania,1952,,2.0,1.0,1.0,4.0,,,,
URS,Russia,1952,,19.0,29.0,22.0,70.0,,,,
YUG,Serbia,1952,,0.0,2.0,1.0,3.0,,,,
RSA,South Africa,1952,,4.0,4.0,2.0,10.0,,,,
KOR,South Korea,1952,,2.0,0.0,0.0,2.0,,,,
ESP,Spain,1952,,0.0,1.0,0.0,1.0,,,,
SWE,Sweden,1952,,10.0,13.0,12.0,35.0,,,,
SUI,Switzerland,1952,,6.0,6.0,2.0,14.0,,,,
TTO,Trinidad,1952,,2.0,0.0,0.0,2.0,,,,
TUR,Turkey,1952,,1.0,0.0,2.0,3.0,,,,
GBR,UK,1952,,8.0,2.0,1.0,11.0,,,,
USA,USA,1952,,17.0,19.0,40.0,76.0,,,,
URU,Uruguay,1952,,2.0,0.0,0.0,2.0,,,,
VEN,Venezuela,1952,,1.0,0.0,0.0,1.0,,,,
ARG,Argentina,1956,,1.0,1.0,0.0,2.0,,,,
AUS,Australia,1956,,14.0,8.0,13.0,35.0,,,,
AUT,Austria,1956,,2.0,0.0,0.0,2.0,,,,
BAH,Bahamas,1956,,1.0,0.0,0.0,1.0,,,,
BEL,Belgium,1956,,0.0,2.0,0.0,2.0,,,,
BRA,Brazil,1956,,0.0,0.0,1.0,1.0,,,,
BUL,Bulgaria,1956,,1.0,3.0,1.0,5.0,,,,
CAN,Canada,1956,,3.0,1.0,2.0,6.0,,,,
CHI,Chile,1956,,2.0,2.0,0.0,4.0,,,,
TCH,Czech Republic,1956,,1.0,4.0,1.0,6.0,,,,
DEN,Denmark,1956,,1.0,2.0,1.0,4.0,,,,
FIN,Finland,1956,,11.0,1.0,3.0,15.0,,,,
FRA,France,1956,,6.0,4.0,4.0,14.0,,,,
GER,Germany,1956,,7.0,13.0,6.0,26.0,,,,
GRE,Greece,1956,,1.0,0.0,0.0,1.0,,,,
HUN,Hungary,1956,,7.0,10.0,9.0,26.0,,,,
ISL,Iceland,1956,,0.0,1.0,0.0,1.0,,,,
IND,India,1956,,0.0,0.0,1.0,1.0,,,,
IRI,Iran,1956,,1.0,2.0,2.0,5.0,,,,
IRL,Ireland,1956,,3.0,1.0,1.0,5.0,,,,
ITA,Italy,1956,,9.0,8.0,8.0,25.0,,,,
JPN,Japan,1956,,3.0,10.0,4.0,17.0,,,,
MEX,Mexico,1956,,1.0,0.0,1.0,2.0,,,,
NZL,New Zealand,1956,,0.0,0.0,2.0,2.0,,,,
NOR,Norway,1956,,2.0,0.0,1.0,3.0,,,,
PAK,Pakistan,1956,,0.0,1.0,0.0,1.0,,,,
POL,Poland,1956,,4.0,4.0,1.0,9.0,,,,
ROU,Romania,1956,,5.0,3.0,5.0,13.0,,,,
URS,Russia,1956,,32.0,29.0,37.0,98.0,,,,
YUG,Serbia,1956,,0.0,3.0,0.0,3.0,,,,
RSA,South Africa,1956,,4.0,0.0,0.0,4.0,,,,
KOR,South Korea,1956,,1.0,1.0,0.0,2.0,,,,
SWE,Sweden,1956,,6.0,5.0,8.0,19.0,,,,
SUI,Switzerland,1956,,1.0,0.0,0.0,1.0,,,,
TUR,Turkey,1956,,2.0,2.0,3.0,7.0,,,,
GBR,UK,1956,,11.0,7.0,6.0,24.0,,,,
USA,USA,1956,,17.0,25.0,32.0,74.0,,,,
URU,Uruguay,1956,,1.0,0.0,0.0,1.0,,,,
ARG,Argentina,1960,20349744.0,1.0,1.0,0.0,2.0,inf,20349744.0,20349744.0,10174872.0
AUS,Australia,1960,10276477.0,6.0,8.0,8.0,22.0,1284559.625,1284559.625,1712746.1666666667,467112.5909090909
AUT,Austria,1960,7047539.0,0.0,1.0,1.0,2.0,7047539.0,7047539.0,inf,3523769.5
BEL,Belgium,1960,9153489.0,2.0,2.0,0.0,4.0,inf,4576744.5,4576744.5,2288372.25
BRA,Brazil,1960,73092515.0,2.0,0.0,0.0,2.0,inf,inf,36546257.5,36546257.5
BUL,Bulgaria,1960,7867374.0,3.0,3.0,1.0,7.0,7867374.0,2622458.0,2622458.0,1123910.5714285714
CAN,Canada,1960,17909356.0,0.0,1.0,0.0,1.0,inf,17909356.0,inf,17909356.0
TCH,Czech Republic,1960,9602006.0,3.0,2.0,3.0,8.0,3200668.6666666665,4801003.0,3200668.6666666665,1200250.75
DEN,Denmark,1960,4579603.0,1.0,3.0,2.0,6.0,2289801.5,1526534.3333333333,4579603.0,763267.1666666666
ETH,Ethiopia,1960,21739710.0,0.0,0.0,1.0,1.0,21739710.0,inf,inf,21739710.0
FIN,Finland,1960,4429634.0,3.0,1.0,1.0,5.0,4429634.0,4429634.0,1476544.6666666667,885926.8
FRA,France,1960,46649927.0,3.0,2.0,0.0,5.0,inf,23324963.5,15549975.666666666,9329985.4
GER,Germany,1960,72814900.0,11.0,19.0,12.0,42.0,6067908.333333333,3832363.1578947366,6619536.363636363,1733688.0952380951
GHA,Ghana,1960,6911510.0,0.0,1.0,0.0,1.0,inf,6911510.0,inf,6911510.0
GRE,Greece,1960,8331725.0,0.0,0.0,1.0,1.0,8331725.0,inf,inf,8331725.0
HUN,Hungary,1960,9983967.0,7.0,8.0,6.0,21.0,1663994.5,1247995.875,1426281.0,475427.0
IND,India,1960,445954579.0,0.0,1.0,0.0,1.0,inf,445954579.0,inf,445954579.0
IRI,Iran,1960,21388806.0,3.0,1.0,0.0,4.0,inf,21388806.0,7129602.0,5347201.5
IRQ,Iraq,1960,7084678.0,1.0,0.0,0.0,1.0,inf,inf,7084678.0,7084678.0
ITA,Italy,1960,50199700.0,13.0,10.0,13.0,36.0,3861515.3846153845,5019970.0,3861515.3846153845,1394436.111111111
JPN,Japan,1960,93216000.0,7.0,7.0,4.0,18.0,23304000.0,13316571.42857143,13316571.42857143,5178666.666666667
MEX,Mexico,1960,36268055.0,1.0,0.0,0.0,1.0,inf,inf,36268055.0,36268055.0
MAR,Morocco,1960,11769774.0,0.0,1.0,0.0,1.0,inf,11769774.0,inf,11769774.0
NED,Netherlands,1960,11486631.0,2.0,1.0,0.0,3.0,inf,11486631.0,5743315.5,3828877.0
NZL,New Zealand,1960,2371800.0,1.0,0.0,2.0,3.0,1185900.0,inf,2371800.0,790600.0
NOR,Norway,1960,3581239.0,0.0,0.0,1.0,1.0,3581239.0,inf,inf,3581239.0
PAK,Pakistan,1960,45954226.0,1.0,0.0,1.0,2.0,45954226.0,inf,45954226.0,22977113.0
POL,Poland,1960,29637450.0,11.0,6.0,4.0,21.0,7409362.5,4939575.0,2694313.6363636362,1411307.142857143
POR,Portugal,1960,8857716.0,0.0,1.0,0.0,1.0,inf,8857716.0,inf,8857716.0
ROU,Romania,1960,18406905.0,6.0,1.0,3.0,10.0,6135635.0,18406905.0,3067817.5,1840690.5
URS,Russia,1960,119897000.0,31.0,29.0,43.0,103.0,2788302.3255813955,4134379.3103448274,3867645.1612903224,1164048.5436893203
YUG,Serbia,1960,6608000.0,0.0,1.0,1.0,2.0,6608000.0,6608000.0,inf,3304000.0
RSA,South Africa,1960,16520441.0,2.0,1.0,0.0,3.0,inf,16520441.0,8260220.5,5506813.666666667
ESP,Spain,1960,30455000.0,1.0,0.0,0.0,1.0,inf,inf,30455000.0,30455000.0
SWE,Sweden,1960,7484656.0,3.0,2.0,1.0,6.0,7484656.0,3742328.0,2494885.3333333335,1247442.6666666667
SUI,Switzerland,1960,5327827.0,3.0,3.0,0.0,6.0,inf,1775942.3333333333,1775942.3333333333,887971.1666666666
UAR,Syria,1960,4610712.0,1.0,1.0,0.0,2.0,inf,4610712.0,4610712.0,2305356.0
TPE,Taiwan,1960,,0.0,1.0,0.0,1.0,,,,
WIF,Trinidad,1960,847063.0,2.0,0.0,0.0,2.0,inf,inf,423531.5,423531.5
TUR,Turkey,1960,27510980.0,0.0,2.0,7.0,9.0,3930140.0,13755490.0,inf,3056775.5555555555
GBR,UK,1960,52400000.0,12.0,6.0,2.0,20.0,26200000.0,8733333.333333334,4366666.666666667,2620000.0
USA,USA,1960,180671000.0,16.0,21.0,34.0,71.0,5313852.94117647,8603380.952380951,11291937.5,2544661.971830986
VEN,Venezuela,1960,8156937.0,1.0,0.0,0.0,1.0,inf,inf,8156937.0,8156937.0
ARG,Argentina,1964,21708487.0,0.0,1.0,0.0,1.0,inf,21708487.0,inf,21708487.0
AUS,Australia,1964,11167000.0,10.0,2.0,6.0,18.0,1861166.6666666667,5583500.0,1116700.0,620388.8888888889
BAH,Bahamas,1964,138785.0,0.0,0.0,1.0,1.0,138785.0,inf,inf,138785.0
BEL,Belgium,1964,9378113.0,1.0,0.0,2.0,3.0,4689056.5,inf,9378113.0,3126037.6666666665
BRA,Brazil,1964,82262794.0,1.0,0.0,0.0,1.0,inf,inf,82262794.0,82262794.0
BUL,Bulgaria,1964,8144340.0,2.0,5.0,3.0,10.0,2714780.0,1628868.0,4072170.0,814434.0
CAN,Canada,1964,19325000.0,1.0,2.0,1.0,4.0,19325000.0,9662500.0,19325000.0,4831250.0
CUB,Cuba,1964,7902286.0,0.0,1.0,0.0,1.0,inf,7902286.0,inf,7902286.0
TCH,Czech Republic,1964,9727804.0,3.0,6.0,5.0,14.0,1945560.8,1621300.6666666667,3242601.3333333335,694843.1428571428
DEN,Denmark,1964,4722072.0,3.0,1.0,2.0,6.0,2361036.0,4722072.0,1574024.0,787012.0
ETH,Ethiopia,1964,24073696.0,0.0,0.0,1.0,1.0,24073696.0,inf,inf,24073696.0
FIN,Finland,1964,4548543.0,2.0,0.0,3.0,5.0,1516181.0,inf,2274271.5,909708.6
FRA,France,1964,48733997.0,6.0,8.0,1.0,15.0,48733997.0,6091749.625,8122332.833333333,3248933.1333333333
GER,Germany,1964,75318337.0,18.0,22.0,10.0,50.0,7531833.7,3423560.772727273,4184352.0555555555,1506366.74
GHA,Ghana,1964,7640196.0,1.0,0.0,0.0,1.0,inf,inf,7640196.0,7640196.0
HUN,Hungary,1964,10119835.0,5.0,7.0,10.0,22.0,1011983.5,1445690.7142857143,2023967.0,459992.5
IND,India,1964,489059309.0,0.0,0.0,1.0,1.0,489059309.0,inf,inf,489059309.0
IRI,Iran,1964,23948624.0,2.0,0.0,0.0,2.0,inf,inf,11974312.0,11974312.0
IRL,Ireland,1964,2866550.0,1.0,0.0,0.0,1.0,inf,inf,2866550.0,2866550.0
ITA,Italy,1964,51675350.0,7.0,10.0,10.0,27.0,5167535.0,5167535.0,7382192.857142857,1913901.851851852
JPN,Japan,1964,96903000.0,8.0,5.0,16.0,29.0,6056437.5,19380600.0,12112875.0,3341482.7586206896
KEN,Kenya,1964,9047387.0,1.0,0.0,0.0,1.0,inf,inf,9047387.0,9047387.0
MEX,Mexico,1964,41333878.0,1.0,0.0,0.0,1.0,inf,inf,41333878.0,41333878.0
NED,Netherlands,1964,12127120.0,4.0,4.0,2.0,10.0,6063560.0,3031780.0,3031780.0,1212712.0
NZL,New Zealand,1964,2585400.0,2.0,0.0,3.0,5.0,861800.0,inf,1292700.0,517080.0
NGR,Nigeria,1964,48856332.0,1.0,0.0,0.0,1.0,inf,inf,48856332.0,48856332.0
PAK,Pakistan,1964,50552592.0,0.0,1.0,0.0,1.0,inf,50552592.0,inf,50552592.0
PHI,Philippines,1964,31916622.0,0.0,1.0,0.0,1.0,inf,31916622.0,inf,31916622.0
POL,Poland,1964,31139450.0,10.0,6.0,7.0,23.0,4448492.857142857,5189908.333333333,3113945.0,1353889.1304347827
ROU,Romania,1964,18919126.0,6.0,4.0,2.0,12.0,9459563.0,4729781.5,3153187.6666666665,1576593.8333333333
URS,Russia,1964,125345000.0,33.0,30.0,30.0,93.0,4178166.6666666665,4178166.6666666665,3798333.3333333335,1347795.6989247312
YUG,Serbia,1964,6765000.0,2.0,1.0,2.0,5.0,3382500.0,6765000.0,3382500.0,1353000.0
KOR,South Korea,1964,27984155.0,1.0,2.0,0.0,3.0,inf,13992077.5,27984155.0,9328051.666666666
SWE,Sweden,1964,7661354.0,4.0,2.0,2.0,8.0,3830677.0,3830677.0,1915338.5,957669.25
SUI,Switzerland,1964,5789228.0,1.0,2.0,1.0,4.0,5789228.0,2894614.0,5789228.0,1447307.0
TTO,Trinidad,1964,913399.0,2.0,1.0,0.0,3.0,inf,913399.0,456699.5,304466.3333333333
TUN,Tunisia,1964,4389417.0,1.0,1.0,0.0,2.0,inf,4389417.0,4389417.0,2194708.5
TUR,Turkey,1964,30612821.0,1.0,3.0,2.0,6.0,15306410.5,10204273.666666666,30612821.0,5102136.833333333
GBR,UK,1964,54000000.0,2.0,12.0,4.0,18.0,13500000.0,4500000.0,27000000.0,3000000.0
USA,USA,1964,191889000.0,28.0,26.0,36.0,90.0,5330250.0,7380346.153846154,6853178.571428572,2132100.0
URU,Uruguay,1964,2652376.0,1.0,0.0,0.0,1.0,inf,inf,2652376.0,2652376.0
ARG,Argentina,1968,23112971.0,2.0,0.0,0.0,2.0,inf,inf,11556485.5,11556485.5
AUS,Australia,1968,12009000.0,5.0,7.0,5.0,17.0,2401800.0,1715571.4285714286,2401800.0,706411.7647058824
AUT,Austria,1968,7415403.0,2.0,2.0,0.0,4.0,inf,3707701.5,3707701.5,1853850.75
BEL,Belgium,1968,9618756.0,1.0,1.0,0.0,2.0,inf,9618756.0,9618756.0,4809378.0
BRA,Brazil,1968,91659246.0,2.0,1.0,0.0,3.0,inf,91659246.0,45829623.0,30553082.0
BUL,Bulgaria,1968,8369603.0,3.0,4.0,2.0,9.0,4184801.5,2092400.75,2789867.6666666665,929955.8888888889
CMR,Cameroon,1968,6127193.0,0.0,1.0,0.0,1.0,inf,6127193.0,inf,6127193.0
CAN,Canada,1968,20744000.0,1.0,3.0,1.0,5.0,20744000.0,6914666.666666667,20744000.0,4148800.0
CUB,Cuba,1968,8550286.0,0.0,4.0,0.0,4.0,inf,2137571.5,inf,2137571.5
TCH,Czech Republic,1968,9876346.0,4.0,2.0,7.0,13.0,1410906.5714285714,4938173.0,2469086.5,759718.9230769231
DEN,Denmark,1968,4864883.0,3.0,4.0,1.0,8.0,4864883.0,1216220.75,1621627.6666666667,608110.375
ETH,Ethiopia,1968,26778653.0,0.0,1.0,1.0,2.0,26778653.0,26778653.0,inf,13389326.5
FIN,Finland,1968,4626469.0,1.0,2.0,1.0,4.0,4626469.0,2313234.5,4626469.0,1156617.25
FRA,France,1968,50817020.0,5.0,3.0,7.0,15.0,7259574.285714285,16939006.666666668,10163404.0,3387801.3333333335
FRG,Germany,1968,77294314.0,17.0,20.0,14.0,51.0,5521022.428571428,3864715.7,4546724.352941177,1515574.7843137255
GDR,Germany,1968,77294314.0,17.0,20.0,14.0,51.0,5521022.428571428,3864715.7,4546724.352941177,1515574.7843137255
GRE,Greece,1968,8740765.0,1.0,0.0,0.0,1.0,inf,inf,8740765.0,8740765.0
HUN,Hungary,1968,10255815.0,12.0,10.0,10.0,32.0,1025581.5,1025581.5,854651.25,320494.21875
IND,India,1968,533431909.0,1.0,0.0,0.0,1.0,inf,inf,533431909.0,533431909.0
IRI,Iran,1968,26875302.0,2.0,1.0,2.0,5.0,13437651.0,26875302.0,13437651.0,5375060.4
ITA,Italy,1968,53235750.0,9.0,4.0,3.0,16.0,17745250.0,13308937.5,5915083.333333333,3327234.375
JAM,Jamaica,1968,1812209.0,0.0,1.0,0.0,1.0,inf,1812209.0,inf,1812209.0
JPN,Japan,1968,101011000.0,7.0,7.0,11.0,25.0,9182818.181818182,14430142.857142856,14430142.857142856,4040440.0
KEN,Kenya,1968,10613877.0,2.0,4.0,3.0,9.0,3537959.0,2653469.25,5306938.5,1179319.6666666667
MEX,Mexico,1968,47170337.0,3.0,3.0,3.0,9.0,15723445.666666666,15723445.666666666,15723445.666666666,5241148.555555556
MGL,Mongolia,1968,1230406.0,3.0,1.0,0.0,4.0,inf,1230406.0,410135.3333333333,307601.5
NED,Netherlands,1968,12729721.0,1.0,3.0,3.0,7.0,4243240.333333333,4243240.333333333,12729721.0,1818531.5714285714
NZL,New Zealand,1968,2748100.0,2.0,0.0,1.0,3.0,2748100.0,inf,1374050.0,916033.3333333334
NOR,Norway,1968,3816486.0,0.0,1.0,1.0,2.0,3816486.0,3816486.0,inf,1908243.0
PAK,Pakistan,1968,56124743.0,0.0,0.0,1.0,1.0,56124743.0,inf,inf,56124743.0
POL,Poland,1968,32294655.0,11.0,2.0,5.0,18.0,6458931.0,16147327.5,2935877.727272727,1794147.5
ROU,Romania,1968,19799831.0,5.0,6.0,4.0,15.0,4949957.75,3299971.8333333335,3959966.2,1319988.7333333334
URS,Russia,1968,128928000.0,30.0,32.0,29.0,91.0,4445793.1034482755,4029000.0,4297600.0,1416791.2087912087
YUG,Serbia,1968,6915000.0,2.0,3.0,3.0,8.0,2305000.0,2305000.0,3457500.0,864375.0
KOR,South Korea,1968,30838302.0,1.0,1.0,0.0,2.0,inf,30838302.0,30838302.0,15419151.0
SWE,Sweden,1968,7912273.0,1.0,1.0,2.0,4.0,3956136.5,7912273.0,7912273.0,1978068.25
SUI,Switzerland,1968,6067714.0,4.0,1.0,0.0,5.0,inf,6067714.0,1516928.5,1213542.8
TPE,Taiwan,1968,,1.0,0.0,0.0,1.0,,,,
TUN,Tunisia,1968,4785003.0,1.0,0.0,1.0,2.0,4785003.0,inf,4785003.0,2392501.5
TUR,Turkey,1968,33884075.0,0.0,0.0,2.0,2.0,16942037.5,inf,inf,16942037.5
GBR,UK,1968,55211700.0,3.0,5.0,5.0,13.0,11042340.0,11042340.0,18403900.0,4247053.846153846
USA,USA,1968,200706000.0,34.0,28.0,45.0,107.0,4460133.333333333,7168071.428571428,5903117.647058823,1875757.0093457943
UGA,Uganda,1968,9696370.0,1.0,1.0,0.0,2.0,inf,9696370.0,9696370.0,4848185.0
VEN,Venezuela,1968,10672654.0,0.0,0.0,1.0,1.0,10672654.0,inf,inf,10672654.0
ARG,Argentina,1972,24612794.0,0.0,1.0,0.0,1.0,inf,24612794.0,inf,24612794.0
AUS,Australia,1972,13177000.0,2.0,7.0,8.0,17.0,1647125.0,1882428.5714285714,6588500.0,775117.6470588235
AUT,Austria,1972,7544201.0,2.0,1.0,0.0,3.0,inf,7544201.0,3772100.5,2514733.6666666665
BEL,Belgium,1972,9711115.0,0.0,2.0,0.0,2.0,inf,4855557.5,inf,4855557.5
BRA,Brazil,1972,101194394.0,2.0,0.0,0.0,2.0,inf,inf,50597197.0,50597197.0
BUL,Bulgaria,1972,8576200.0,5.0,10.0,6.0,21.0,1429366.6666666667,857620.0,1715240.0,408390.4761904762
CAN,Canada,1972,22218463.0,3.0,2.0,0.0,5.0,inf,11109231.5,7406154.333333333,4443692.6
COL,Colombia,1972,21898055.0,2.0,1.0,0.0,3.0,inf,21898055.0,10949027.5,7299351.666666667
CUB,Cuba,1972,9169289.0,4.0,1.0,3.0,8.0,3056429.6666666665,9169289.0,2292322.25,1146161.125
TCH,Czech Republic,1972,9867632.0,2.0,4.0,2.0,8.0,4933816.0,2466908.0,4933816.0,1233454.0
DEN,Denmark,1972,4991596.0,0.0,0.0,1.0,1.0,4991596.0,inf,inf,4991596.0
ETH,Ethiopia,1972,29891328.0,2.0,0.0,0.0,2.0,inf,inf,14945664.0,14945664.0
FIN,Finland,1972,4639657.0,4.0,1.0,3.0,8.0,1546552.3333333333,4639657.0,1159914.25,579957.125
FRA,France,1972,52637888.0,7.0,4.0,2.0,13.0,26318944.0,13159472.0,7519698.285714285,4049068.3076923075
FRG,Germany,1972,78688452.0,39.0,34.0,33.0,106.0,2384498.5454545454,2314366.2352941176,2017652.6153846155,742343.8867924528
GDR,Germany,1972,78688452.0,39.0,34.0,33.0,106.0,2384498.5454545454,2314366.2352941176,2017652.6153846155,742343.8867924528
GHA,Ghana,1972,9365952.0,1.0,0.0,0.0,1.0,inf,inf,9365952.0,9365952.0
GRE,Greece,1972,8888628.0,0.0,2.0,0.0,2.0,inf,4444314.0,inf,4444314.0
HUN,Hungary,1972,10398489.0,16.0,13.0,6.0,35.0,1733081.5,799883.7692307692,649905.5625,297099.6857142857
IND,India,1972,582837973.0,1.0,0.0,0.0,1.0,inf,inf,582837973.0,582837973.0
IRI,Iran,1972,30111574.0,1.0,2.0,0.0,3.0,inf,15055787.0,30111574.0,10037191.333333334
ITA,Italy,1972,54381345.0,10.0,3.0,5.0,18.0,10876269.0,18127115.0,5438134.5,3021185.8333333335
JAM,Jamaica,1972,1915299.0,1.0,0.0,0.0,1.0,inf,inf,1915299.0,1915299.0
JPN,Japan,1972,107188000.0,8.0,8.0,13.0,29.0,8245230.769230769,13398500.0,13398500.0,3696137.9310344825
KEN,Kenya,1972,12322903.0,4.0,3.0,2.0,9.0,6161451.5,4107634.3333333335,3080725.75,1369211.4444444445
LIB,Lebanon,1972,2505965.0,0.0,1.0,0.0,1.0,inf,2505965.0,inf,2505965.0
MEX,Mexico,1972,53543436.0,0.0,1.0,0.0,1.0,inf,53543436.0,inf,53543436.0
MGL,Mongolia,1972,1363835.0,0.0,1.0,0.0,1.0,inf,1363835.0,inf,1363835.0
NED,Netherlands,1972,13328593.0,1.0,1.0,3.0,5.0,4442864.333333333,13328593.0,13328593.0,2665718.6
NZL,New Zealand,1972,2903900.0,1.0,1.0,1.0,3.0,2903900.0,2903900.0,2903900.0,967966.6666666666
NIG,Niger,1972,4926318.0,1.0,0.0,0.0,1.0,inf,inf,4926318.0,4926318.0
NGR,Nigeria,1972,58173834.0,1.0,0.0,0.0,1.0,inf,inf,58173834.0,58173834.0
PRK,North Korea,1972,15768363.0,3.0,1.0,1.0,5.0,15768363.0,15768363.0,5256121.0,3153672.6
NOR,Norway,1972,3933004.0,1.0,1.0,2.0,4.0,1966502.0,3933004.0,3933004.0,983251.0
PAK,Pakistan,1972,62509565.0,0.0,1.0,0.0,1.0,inf,62509565.0,inf,62509565.0
POL,Poland,1972,33055650.0,9.0,5.0,7.0,21.0,4722235.714285715,6611130.0,3672850.0,1574078.5714285714
ROU,Romania,1972,20657957.0,7.0,6.0,3.0,16.0,6885985.666666667,3442992.8333333335,2951136.714285714,1291122.3125
URS,Russia,1972,131909000.0,22.0,27.0,50.0,99.0,2638180.0,4885518.518518519,5995863.636363637,1332414.1414141415
YUG,Serbia,1972,7053000.0,2.0,1.0,2.0,5.0,3526500.0,7053000.0,3526500.0,1410600.0
KOR,South Korea,1972,33505406.0,0.0,1.0,0.0,1.0,inf,33505406.0,inf,33505406.0
ESP,Spain,1972,34604469.0,1.0,0.0,0.0,1.0,inf,inf,34604469.0,34604469.0
SWE,Sweden,1972,8122300.0,6.0,6.0,4.0,16.0,2030575.0,1353716.6666666667,1353716.6666666667,507643.75
SUI,Switzerland,1972,6260956.0,0.0,3.0,0.0,3.0,inf,2086985.3333333333,inf,2086985.3333333333
TUN,Tunisia,1972,5320148.0,0.0,1.0,0.0,1.0,inf,5320148.0,inf,5320148.0
TUR,Turkey,1972,37188035.0,0.0,1.0,0.0,1.0,inf,37188035.0,inf,37188035.0
GBR,UK,1972,56086065.0,9.0,5.0,4.0,18.0,14021516.25,11217213.0,6231785.0,3115892.5
USA,USA,1972,209896000.0,30.0,31.0,33.0,94.0,6360484.848484849,6770838.70967742,6996533.333333333,2232936.170212766
UGA,Uganda,1972,10885563.0,0.0,1.0,1.0,2.0,10885563.0,10885563.0,inf,5442781.5
AUS,Australia,1976,14033000.0,4.0,1.0,0.0,5.0,inf,14033000.0,3508250.0,2806600.0
AUT,Austria,1976,7565525.0,1.0,0.0,0.0,1.0,inf,inf,7565525.0,7565525.0
BEL,Belgium,1976,9818227.0,3.0,3.0,0.0,6.0,inf,3272742.3333333335,3272742.3333333335,1636371.1666666667
BER,Bermuda,1976,53200.0,1.0,0.0,0.0,1.0,inf,inf,53200.0,53200.0
BRA,Brazil,1976,111286504.0,2.0,0.0,0.0,2.0,inf,inf,55643252.0,55643252.0
BUL,Bulgaria,1976,8758599.0,7.0,9.0,6.0,22.0,1459766.5,973177.6666666666,1251228.4285714286,398118.13636363635
CAN,Canada,1976,23449808.0,6.0,5.0,0.0,11.0,inf,4689961.6,3908301.3333333335,2131800.727272727
CUB,Cuba,1976,9600862.0,3.0,4.0,6.0,13.0,1600143.6666666667,2400215.5,3200287.3333333335,738527.8461538461
TCH,Czech Republic,1976,10125939.0,4.0,2.0,2.0,8.0,5062969.5,5062969.5,2531484.75,1265742.375
DEN,Denmark,1976,5072596.0,2.0,0.0,1.0,3.0,5072596.0,inf,2536298.0,1690865.3333333333
FIN,Finland,1976,4725664.0,0.0,2.0,4.0,6.0,1181416.0,2362832.0,inf,787610.6666666666
FRA,France,1976,53966558.0,4.0,3.0,2.0,9.0,26983279.0,17988852.666666668,13491639.5,5996284.222222222
FRG,Germany,1976,78336950.0,42.0,37.0,50.0,129.0,1566739.0,2117214.864864865,1865165.4761904762,607263.1782945737
GDR,Germany,1976,78336950.0,42.0,37.0,50.0,129.0,1566739.0,2117214.864864865,1865165.4761904762,607263.1782945737
HUN,Hungary,1976,10598677.0,13.0,5.0,4.0,22.0,2649669.25,2119735.4,815282.8461538461,481758.04545454547
IRI,Iran,1976,33841060.0,1.0,1.0,0.0,2.0,inf,33841060.0,33841060.0,16920530.0
ITA,Italy,1976,55718260.0,4.0,7.0,2.0,13.0,27859130.0,7959751.428571428,13929565.0,4286020.0
JAM,Jamaica,1976,2029486.0,0.0,1.0,1.0,2.0,2029486.0,2029486.0,inf,1014743.0
JPN,Japan,1976,112775000.0,10.0,6.0,9.0,25.0,12530555.555555556,18795833.333333332,11277500.0,4511000.0
MEX,Mexico,1976,60452543.0,1.0,0.0,1.0,2.0,60452543.0,inf,60452543.0,30226271.5
MGL,Mongolia,1976,1529084.0,0.0,1.0,0.0,1.0,inf,1529084.0,inf,1529084.0
NED,Netherlands,1976,13774037.0,3.0,2.0,0.0,5.0,inf,6887018.5,4591345.666666667,2754807.4
NZL,New Zealand,1976,3110500.0,1.0,1.0,2.0,4.0,1555250.0,3110500.0,3110500.0,777625.0
PRK,North Korea,1976,16987170.0,0.0,1.0,1.0,2.0,16987170.0,16987170.0,inf,8493585.0
NOR,Norway,1976,4026152.0,0.0,1.0,1.0,2.0,4026152.0,4026152.0,inf,2013076.0
PAK,Pakistan,1976,70230923.0,1.0,0.0,0.0,1.0,inf,inf,70230923.0,70230923.0
POL,Poland,1976,34356300.0,13.0,6.0,7.0,26.0,4908042.857142857,5726050.0,2642792.3076923075,1321396.1538461538
POR,Portugal,1976,9355810.0,0.0,2.0,0.0,2.0,inf,4677905.0,inf,4677905.0
PUR,Puerto Rico,1976,3043854.0,1.0,0.0,0.0,1.0,inf,inf,3043854.0,3043854.0
ROU,Romania,1976,21551634.0,14.0,9.0,4.0,27.0,5387908.5,2394626.0,1539402.4285714286,798208.6666666666
URS,Russia,1976,135147000.0,35.0,41.0,49.0,125.0,2758102.0408163266,3296268.2926829266,3861342.8571428573,1081176.0
YUG,Serbia,1976,7214000.0,3.0,3.0,2.0,8.0,3607000.0,2404666.6666666665,2404666.6666666665,901750.0
KOR,South Korea,1976,35848523.0,4.0,1.0,1.0,6.0,35848523.0,35848523.0,8962130.75,5974753.833333333
ESP,Spain,1976,36137812.0,0.0,2.0,0.0,2.0,inf,18068906.0,inf,18068906.0
SWE,Sweden,1976,8222286.0,0.0,1.0,4.0,5.0,2055571.5,8222286.0,inf,1644457.2
SUI,Switzerland,1976,6302504.0,2.0,1.0,1.0,4.0,6302504.0,6302504.0,3151252.0,1575626.0
THA,Thailand,1976,41882128.0,1.0,0.0,0.0,1.0,inf,inf,41882128.0,41882128.0
TTO,Trinidad,1976,1067696.0,0.0,0.0,1.0,1.0,1067696.0,inf,inf,1067696.0
GBR,UK,1976,56211968.0,5.0,5.0,3.0,13.0,18737322.666666668,11242393.6,11242393.6,4323997.538461538
USA,USA,1976,218035000.0,25.0,35.0,34.0,94.0,6412794.117647059,6229571.428571428,8721400.0,2319521.276595745
VEN,Venezuela,1976,13566112.0,0.0,1.0,0.0,1.0,inf,13566112.0,inf,13566112.0
AUS,Australia,1980,14692000.0,5.0,2.0,2.0,9.0,7346000.0,7346000.0,2938400.0,1632444.4444444445
AUT,Austria,1980,7549433.0,1.0,2.0,1.0,4.0,7549433.0,3774716.5,7549433.0,1887358.25
BEL,Belgium,1980,9859242.0,0.0,0.0,1.0,1.0,9859242.0,inf,inf,9859242.0
BRA,Brazil,1980,122288383.0,2.0,0.0,2.0,4.0,61144191.5,inf,61144191.5,30572095.75
BUL,Bulgaria,1980,8861535.0,17.0,16.0,8.0,41.0,1107691.875,553845.9375,521266.76470588235,216135.0
CUB,Cuba,1980,9809107.0,5.0,7.0,8.0,20.0,1226138.375,1401301.0,1961821.4,490455.35
TCH,Czech Republic,1980,10304193.0,9.0,3.0,2.0,14.0,5152096.5,3434731.0,1144910.3333333333,736013.7857142857
DEN,Denmark,1980,5123027.0,2.0,1.0,2.0,5.0,2561513.5,5123027.0,2561513.5,1024605.4
ETH,Ethiopia,1980,34945469.0,2.0,0.0,2.0,4.0,17472734.5,inf,17472734.5,8736367.25
FIN,Finland,1980,4779535.0,4.0,1.0,3.0,8.0,1593178.3333333333,4779535.0,1194883.75,597441.875
FRA,France,1980,55052582.0,3.0,5.0,6.0,14.0,9175430.333333334,11010516.4,18350860.666666668,3932327.285714286
GDR,Germany,1980,78288576.0,42.0,37.0,47.0,126.0,1665714.3829787234,2115907.4594594594,1864013.7142857143,621337.9047619047
GRE,Greece,1980,9642505.0,2.0,0.0,1.0,3.0,9642505.0,inf,4821252.5,3214168.3333333335
GUY,Guyana,1980,778176.0,1.0,0.0,0.0,1.0,inf,inf,778176.0,778176.0
HUN,Hungary,1980,10711122.0,15.0,10.0,7.0,32.0,1530160.2857142857,1071112.2,714074.8,334722.5625
IND,India,1980,696828385.0,0.0,0.0,1.0,1.0,696828385.0,inf,inf,696828385.0
IRL,Ireland,1980,3412800.0,1.0,1.0,0.0,2.0,inf,3412800.0,3412800.0,1706400.0
ITA,Italy,1980,56433883.0,4.0,3.0,8.0,15.0,7054235.375,18811294.333333332,14108470.75,3762258.8666666667
JAM,Jamaica,1980,2135546.0,3.0,0.0,0.0,3.0,inf,inf,711848.6666666666,711848.6666666666
LIB,Lebanon,1980,2963702.0,1.0,0.0,0.0,1.0,inf,inf,2963702.0,2963702.0
MEX,Mexico,1980,67705186.0,3.0,1.0,0.0,4.0,inf,67705186.0,22568395.333333332,16926296.5
MGL,Mongolia,1980,1697780.0,2.0,2.0,0.0,4.0,inf,848890.0,848890.0,424445.0
NED,Netherlands,1980,14149800.0,2.0,1.0,0.0,3.0,inf,14149800.0,7074900.0,4716600.0
PRK,North Korea,1980,17973650.0,2.0,3.0,0.0,5.0,inf,5991216.666666667,8986825.0,3594730.0
POL,Poland,1980,35574150.0,15.0,14.0,3.0,32.0,11858050.0,2541010.714285714,2371610.0,1111692.1875
ROU,Romania,1980,22207282.0,13.0,6.0,6.0,25.0,3701213.6666666665,3701213.6666666665,1708252.4615384615,888291.28
URS,Russia,1980,139010000.0,46.0,69.0,80.0,195.0,1737625.0,2014637.6811594204,3021956.5217391304,712871.7948717949
YUG,Serbia,1980,7362000.0,4.0,3.0,2.0,9.0,3681000.0,2454000.0,1840500.0,818000.0
ESP,Spain,1980,37491165.0,2.0,3.0,1.0,6.0,37491165.0,12497055.0,18745582.5,6248527.5
SWE,Sweden,1980,8310531.0,6.0,3.0,3.0,12.0,2770177.0,2770177.0,1385088.5,692544.25
SUI,Switzerland,1980,6319408.0,0.0,0.0,2.0,2.0,3159704.0,inf,inf,3159704.0
TAN,Tanzania,1980,19297659.0,0.0,2.0,0.0,2.0,inf,9648829.5,inf,9648829.5
GBR,UK,1980,56314216.0,9.0,7.0,5.0,21.0,11262843.2,8044888.0,6257135.111111111,2681629.3333333335
UGA,Uganda,1980,13284026.0,0.0,1.0,0.0,1.0,inf,13284026.0,inf,13284026.0
VEN,Venezuela,1980,15210443.0,0.0,1.0,0.0,1.0,inf,15210443.0,inf,15210443.0
ZIM,Zimbabwe,1980,7049926.0,0.0,0.0,1.0,1.0,7049926.0,inf,inf,7049926.0
ALG,Algeria,1984,21393530.0,2.0,0.0,0.0,2.0,inf,inf,10696765.0,10696765.0
AUS,Australia,1984,15579391.0,12.0,8.0,4.0,24.0,3894847.75,1947423.875,1298282.5833333333,649141.2916666666
AUT,Austria,1984,7561434.0,1.0,1.0,1.0,3.0,7561434.0,7561434.0,7561434.0,2520478.0
BEL,Belgium,1984,9855372.0,2.0,1.0,1.0,4.0,9855372.0,9855372.0,4927686.0,2463843.0
BRA,Brazil,1984,133888775.0,2.0,5.0,1.0,8.0,133888775.0,26777755.0,66944387.5,16736096.875
CMR,Cameroon,1984,9508570.0,1.0,0.0,0.0,1.0,inf,inf,9508570.0,9508570.0
CAN,Canada,1984,25607053.0,16.0,18.0,10.0,44.0,2560705.3,1422614.0555555555,1600440.8125,581978.4772727273
CHN,China,1984,1036825000.0,9.0,8.0,15.0,32.0,69121666.66666667,129603125.0,115202777.77777778,32400781.25
HKG,China,1984,1036825000.0,9.0,8.0,15.0,32.0,69121666.66666667,129603125.0,115202777.77777778,32400781.25
COL,Colombia,1984,28689032.0,0.0,1.0,0.0,1.0,inf,28689032.0,inf,28689032.0
DEN,Denmark,1984,5111619.0,3.0,3.0,0.0,6.0,inf,1703873.0,1703873.0,851936.5
DOM,Dominican Republic,1984,6282104.0,1.0,0.0,0.0,1.0,inf,inf,6282104.0,6282104.0
EGY,Egypt,1984,48676443.0,0.0,1.0,0.0,1.0,inf,48676443.0,inf,48676443.0
FIN,Finland,1984,4881803.0,6.0,2.0,4.0,12.0,1220450.75,2440901.5,813633.8333333334,406816.9166666667
FRA,France,1984,56275701.0,16.0,7.0,5.0,28.0,11255140.2,8039385.857142857,3517231.3125,2009846.4642857143
FRG,Germany,1984,77858685.0,23.0,19.0,17.0,59.0,4579922.647058823,4097825.5263157897,3385160.217391304,1319638.7288135593
GRE,Greece,1984,9895801.0,1.0,1.0,0.0,2.0,inf,9895801.0,9895801.0,4947900.5
ISL,Iceland,1984,239511.0,1.0,0.0,0.0,1.0,inf,inf,239511.0,239511.0
IRL,Ireland,1984,3532423.0,0.0,1.0,0.0,1.0,inf,3532423.0,inf,3532423.0
ITA,Italy,1984,56576718.0,12.0,6.0,14.0,32.0,4041194.1428571427,9429453.0,4714726.5,1768022.4375
CIV,Ivory Coast,1984,,0.0,1.0,0.0,1.0,,,,
JAM,Jamaica,1984,2264095.0,2.0,1.0,0.0,3.0,inf,2264095.0,1132047.5,754698.3333333334
JPN,Japan,1984,120083000.0,14.0,7.0,10.0,31.0,12008300.0,17154714.285714287,8577357.142857144,3873645.1612903224
KEN,Kenya,1984,18753176.0,2.0,0.0,1.0,3.0,18753176.0,inf,9376588.0,6251058.666666667
MEX,Mexico,1984,73489654.0,1.0,3.0,2.0,6.0,36744827.0,24496551.333333332,73489654.0,12248275.666666666
MAR,Morocco,1984,21817271.0,0.0,0.0,2.0,2.0,10908635.5,inf,inf,10908635.5
NED,Netherlands,1984,14424211.0,6.0,2.0,5.0,13.0,2884842.2,7212105.5,2404035.1666666665,1109554.6923076923
NZL,New Zealand,1984,3227100.0,2.0,1.0,8.0,11.0,403387.5,3227100.0,1613550.0,293372.7272727273
NGR,Nigeria,1984,81337553.0,1.0,1.0,0.0,2.0,inf,81337553.0,81337553.0,40668776.5
NOR,Norway,1984,4140099.0,2.0,1.0,0.0,3.0,inf,4140099.0,2070049.5,1380033.0
PAK,Pakistan,1984,94003867.0,0.0,0.0,1.0,1.0,94003867.0,inf,inf,94003867.0
PER,Peru,1984,19285646.0,0.0,1.0,0.0,1.0,inf,19285646.0,inf,19285646.0
POR,Portugal,1984,9996232.0,2.0,0.0,1.0,3.0,9996232.0,inf,4998116.0,3332077.3333333335
PUR,Puerto Rico,1984,3344190.0,1.0,1.0,0.0,2.0,inf,3344190.0,3344190.0,1672095.0
ROU,Romania,1984,22640547.0,17.0,16.0,19.0,52.0,1191607.7368421052,1415034.1875,1331796.8823529412,435395.1346153846
YUG,Serbia,1984,7489000.0,7.0,4.0,7.0,18.0,1069857.142857143,1872250.0,1069857.142857143,416055.55555555556
KOR,South Korea,1984,40405956.0,7.0,6.0,6.0,19.0,6734326.0,6734326.0,5772279.428571428,2126629.263157895
ESP,Spain,1984,38330364.0,2.0,2.0,1.0,5.0,38330364.0,19165182.0,19165182.0,7666072.8
SWE,Sweden,1984,8336605.0,6.0,11.0,2.0,19.0,4168302.5,757873.1818181818,1389434.1666666667,438768.6842105263
SUI,Switzerland,1984,6441865.0,4.0,4.0,0.0,8.0,inf,1610466.25,1610466.25,805233.125
SYR,Syria,1984,10183138.0,0.0,1.0,0.0,1.0,inf,10183138.0,inf,10183138.0
TPE,Taiwan,1984,,1.0,0.0,0.0,1.0,,,,
THA,Thailand,1984,49636724.0,0.0,1.0,0.0,1.0,inf,49636724.0,inf,49636724.0
TUR,Turkey,1984,48106764.0,3.0,0.0,0.0,3.0,inf,inf,16035588.0,16035588.0
GBR,UK,1984,56422072.0,21.0,11.0,5.0,37.0,11284414.4,5129279.2727272725,2686765.3333333335,1524920.8648648649
USA,USA,1984,235825000.0,30.0,61.0,82.0,173.0,2875914.6341463416,3865983.606557377,7860833.333333333,1363150.289017341
VEN,Venezuela,1984,16953234.0,3.0,0.0,0.0,3.0,inf,inf,5651078.0,5651078.0
ZAM,Zambia,1984,6488072.0,1.0,0.0,0.0,1.0,inf,inf,6488072.0,6488072.0
ARG,Argentina,1988,31690792.0,1.0,1.0,0.0,2.0,inf,31690792.0,31690792.0,15845396.0
AUS,Australia,1988,16532164.0,5.0,6.0,3.0,14.0,5510721.333333333,2755360.6666666665,3306432.8,1180868.857142857
AUT,Austria,1988,7585317.0,0.0,0.0,1.0,1.0,7585317.0,inf,inf,7585317.0
BEL,Belgium,1988,9901664.0,2.0,0.0,0.0,2.0,inf,inf,4950832.0,4950832.0
BRA,Brazil,1988,145253973.0,3.0,2.0,1.0,6.0,145253973.0,72626986.5,48417991.0,24208995.5
BUL,Bulgaria,1988,8981446.0,13.0,12.0,10.0,35.0,898144.6,748453.8333333334,690880.4615384615,256612.74285714285
CAN,Canada,1988,26791747.0,5.0,2.0,3.0,10.0,8930582.333333334,13395873.5,5358349.4,2679174.7
CHI,Chile,1988,12918389.0,0.0,1.0,0.0,1.0,inf,12918389.0,inf,12918389.0
CHN,China,1988,1101630000.0,12.0,11.0,5.0,28.0,220326000.0,100148181.81818181,91802500.0,39343928.571428575
HKG,China,1988,1101630000.0,12.0,11.0,5.0,28.0,220326000.0,100148181.81818181,91802500.0,39343928.571428575
COL,Colombia,1988,31256727.0,1.0,0.0,0.0,1.0,inf,inf,31256727.0,31256727.0
CRC,Costa Rica,1988,3001461.0,0.0,1.0,0.0,1.0,inf,3001461.0,inf,3001461.0
AHO,Curacao,1988,149254.0,0.0,1.0,0.0,1.0,inf,149254.0,inf,149254.0
TCH,Czech Republic,1988,10355276.0,2.0,3.0,3.0,8.0,3451758.6666666665,3451758.6666666665,5177638.0,1294409.5
DEN,Denmark,1988,5129516.0,1.0,1.0,2.0,4.0,2564758.0,5129516.0,5129516.0,1282379.0
DJI,Djibouti,1988,482337.0,1.0,0.0,0.0,1.0,inf,inf,482337.0,482337.0
FIN,Finland,1988,4946481.0,2.0,1.0,1.0,4.0,4946481.0,4946481.0,2473240.5,1236620.25
FRA,France,1988,57472651.0,6.0,4.0,6.0,16.0,9578775.166666666,14368162.75,9578775.166666666,3592040.6875
FRG,Germany,1988,78144619.0,45.0,49.0,48.0,142.0,1628012.8958333333,1594788.142857143,1736547.088888889,550314.2183098592
GDR,Germany,1988,78144619.0,45.0,49.0,48.0,142.0,1628012.8958333333,1594788.142857143,1736547.088888889,550314.2183098592
GRE,Greece,1988,10036983.0,1.0,0.0,0.0,1.0,inf,inf,10036983.0,10036983.0
HUN,Hungary,1988,10596487.0,6.0,6.0,11.0,23.0,963317.0,1766081.1666666667,1766081.1666666667,460716.82608695654
INA,Indonesia,1988,175694647.0,0.0,1.0,0.0,1.0,inf,175694647.0,inf,175694647.0
IRI,Iran,1988,52111868.0,0.0,1.0,0.0,1.0,inf,52111868.0,inf,52111868.0
ITA,Italy,1988,56629288.0,4.0,4.0,6.0,14.0,9438214.666666666,14157322.0,14157322.0,4044949.1428571427
JAM,Jamaica,1988,2354805.0,0.0,2.0,0.0,2.0,inf,1177402.5,inf,1177402.5
JPN,Japan,1988,122578000.0,7.0,3.0,4.0,14.0,30644500.0,40859333.333333336,17511142.85714286,8755571.42857143
KEN,Kenya,1988,21626122.0,2.0,2.0,5.0,9.0,4325224.4,10813061.0,10813061.0,2402902.4444444445
MEX,Mexico,1988,78892015.0,2.0,0.0,0.0,2.0,inf,inf,39446007.5,39446007.5
MGL,Mongolia,1988,2073771.0,1.0,0.0,0.0,1.0,inf,inf,2073771.0,2073771.0
MAR,Morocco,1988,23720590.0,2.0,0.0,1.0,3.0,23720590.0,inf,11860295.0,7906863.333333333
NED,Netherlands,1988,14760094.0,5.0,2.0,2.0,9.0,7380047.0,7380047.0,2952018.8,1640010.4444444445
NZL,New Zealand,1988,3283400.0,8.0,2.0,3.0,13.0,1094466.6666666667,1641700.0,410425.0,252569.23076923078
NOR,Norway,1988,4209488.0,0.0,3.0,2.0,5.0,2104744.0,1403162.6666666667,inf,841897.6
PAK,Pakistan,1988,107967838.0,1.0,0.0,0.0,1.0,inf,inf,107967838.0,107967838.0
PER,Peru,1988,21143799.0,0.0,1.0,0.0,1.0,inf,21143799.0,inf,21143799.0
PHI,Philippines,1988,58755923.0,1.0,0.0,0.0,1.0,inf,inf,58755923.0,58755923.0
POL,Poland,1988,37824487.0,9.0,5.0,2.0,16.0,18912243.5,7564897.4,4202720.777777778,2364030.4375
POR,Portugal,1988,10019610.0,0.0,0.0,1.0,1.0,10019610.0,inf,inf,10019610.0
ROU,Romania,1988,23057662.0,6.0,11.0,7.0,24.0,3293951.714285714,2096151.0909090908,3842943.6666666665,960735.9166666666
URS,Russia,1988,146857000.0,46.0,31.0,54.0,131.0,2719574.074074074,4737322.580645162,3192543.4782608696,1121045.8015267176
SEN,Senegal,1988,7113636.0,0.0,1.0,0.0,1.0,inf,7113636.0,inf,7113636.0
YUG,Serbia,1988,7572000.0,5.0,4.0,3.0,12.0,2524000.0,1893000.0,1514400.0,631000.0
KOR,South Korea,1988,42031247.0,11.0,10.0,12.0,33.0,3502603.9166666665,4203124.7,3821022.4545454546,1273674.1515151516
ESP,Spain,1988,38766939.0,2.0,1.0,1.0,4.0,38766939.0,38766939.0,19383469.5,9691734.75
SUR,Suriname,1988,402139.0,0.0,0.0,1.0,1.0,402139.0,inf,inf,402139.0
SWE,Sweden,1988,8436489.0,7.0,4.0,0.0,11.0,inf,2109122.25,1205212.7142857143,766953.5454545454
SUI,Switzerland,1988,6593386.0,2.0,2.0,0.0,4.0,inf,3296693.0,3296693.0,1648346.5
THA,Thailand,1988,53410965.0,1.0,0.0,0.0,1.0,inf,inf,53410965.0,53410965.0
TUR,Turkey,1988,52275890.0,0.0,1.0,1.0,2.0,52275890.0,52275890.0,inf,26137945.0
GBR,UK,1988,56928327.0,9.0,10.0,5.0,24.0,11385665.4,5692832.7,6325369.666666667,2372013.625
USA,USA,1988,244499000.0,27.0,31.0,36.0,94.0,6791638.888888889,7887064.516129033,9055518.518518519,2601053.1914893617
ISV,"Virgin Islands, US",1988,100952.0,0.0,1.0,0.0,1.0,inf,100952.0,inf,100952.0
ALG,Algeria,1992,26748303.0,1.0,0.0,1.0,2.0,26748303.0,inf,26748303.0,13374151.5
ARG,Argentina,1992,33568285.0,1.0,0.0,0.0,1.0,inf,inf,33568285.0,33568285.0
AUS,Australia,1992,17478635.0,11.0,9.0,7.0,27.0,2496947.8571428573,1942070.5555555555,1588966.8181818181,647356.8518518518
AUT,Austria,1992,7840709.0,0.0,2.0,0.0,2.0,inf,3920354.5,inf,3920354.5
BAH,Bahamas,1992,281973.0,1.0,0.0,0.0,1.0,inf,inf,281973.0,281973.0
BEL,Belgium,1992,10045158.0,2.0,1.0,0.0,3.0,inf,10045158.0,5022579.0,3348386.0
BRA,Brazil,1992,155900790.0,0.0,1.0,2.0,3.0,77950395.0,155900790.0,inf,51966930.0
BUL,Bulgaria,1992,8540164.0,6.0,7.0,3.0,16.0,2846721.3333333335,1220023.4285714286,1423360.6666666667,533760.25
CAN,Canada,1992,28371264.0,7.0,4.0,7.0,18.0,4053037.714285714,7092816.0,4053037.714285714,1576181.3333333333
CHN,China,1992,1164970000.0,15.0,22.0,16.0,53.0,72810625.0,52953181.81818182,77664666.66666667,21980566.03773585
HKG,China,1992,1164970000.0,15.0,22.0,16.0,53.0,72810625.0,52953181.81818182,77664666.66666667,21980566.03773585
COL,Colombia,1992,33939039.0,1.0,0.0,0.0,1.0,inf,inf,33939039.0,33939039.0
CRO,Croatia,1992,4575818.0,2.0,1.0,0.0,3.0,inf,4575818.0,2287909.0,1525272.6666666667
CUB,Cuba,1992,10783748.0,11.0,6.0,14.0,31.0,770267.7142857143,1797291.3333333333,980340.7272727273,347862.8387096774
TCH,Czech Republic,1992,10319123.0,1.0,2.0,4.0,7.0,2579780.75,5159561.5,10319123.0,1474160.4285714286
DEN,Denmark,1992,5171370.0,4.0,1.0,1.0,6.0,5171370.0,5171370.0,1292842.5,861895.0
EST,Estonia,1992,1533091.0,1.0,0.0,1.0,2.0,1533091.0,inf,1533091.0,766545.5
ETH,Ethiopia,1992,52011554.0,2.0,0.0,1.0,3.0,52011554.0,inf,26005777.0,17337184.666666668
FIN,Finland,1992,5041992.0,2.0,2.0,1.0,5.0,5041992.0,2520996.0,2520996.0,1008398.4
FRA,France,1992,58849943.0,16.0,5.0,8.0,29.0,7356242.875,11769988.6,3678121.4375,2029308.3793103448
GER,Germany,1992,80624598.0,28.0,21.0,33.0,82.0,2443169.6363636362,3839266.5714285714,2879449.9285714286,983226.8048780488
GHA,Ghana,1992,16241548.0,1.0,0.0,0.0,1.0,inf,inf,16241548.0,16241548.0
GRE,Greece,1992,10399061.0,0.0,0.0,2.0,2.0,5199530.5,inf,inf,5199530.5
HUN,Hungary,1992,10369341.0,7.0,12.0,11.0,30.0,942667.3636363636,864111.75,1481334.4285714286,345644.7
IOA,Individual Olympic Athletes,1992,,2.0,1.0,0.0,3.0,,,,
INA,Indonesia,1992,188558416.0,1.0,2.0,2.0,5.0,94279208.0,94279208.0,188558416.0,37711683.2
IRI,Iran,1992,59372016.0,2.0,1.0,0.0,3.0,inf,59372016.0,29686008.0,19790672.0
IRL,Ireland,1992,3558430.0,0.0,1.0,1.0,2.0,3558430.0,3558430.0,inf,1779215.0
ISR,Israel,1992,5123000.0,1.0,1.0,0.0,2.0,inf,5123000.0,5123000.0,2561500.0
ITA,Italy,1992,56797087.0,8.0,5.0,6.0,19.0,9466181.166666666,11359417.4,7099635.875,2989320.3684210526
JAM,Jamaica,1992,2434574.0,1.0,3.0,0.0,4.0,inf,811524.6666666666,2434574.0,608643.5
JPN,Japan,1992,124425000.0,11.0,8.0,3.0,22.0,41475000.0,15553125.0,11311363.636363637,5655681.818181818
KEN,Kenya,1992,24655723.0,2.0,4.0,2.0,8.0,12327861.5,6163930.75,12327861.5,3081965.375
LAT,Latvia,1992,2614338.0,1.0,2.0,0.0,3.0,inf,1307169.0,2614338.0,871446.0
LTU,Lithuania,1992,3700114.0,1.0,0.0,1.0,2.0,3700114.0,inf,3700114.0,1850057.0
MAS,Malaysia,1992,18526708.0,1.0,0.0,0.0,1.0,inf,inf,18526708.0,18526708.0
MEX,Mexico,1992,84993164.0,0.0,1.0,0.0,1.0,inf,84993164.0,inf,84993164.0
MGL,Mongolia,1992,2236494.0,2.0,0.0,0.0,2.0,inf,inf,1118247.0,1118247.0
MAR,Morocco,1992,25400676.0,1.0,1.0,1.0,3.0,25400676.0,25400676.0,25400676.0,8466892.0
NAM,Namibia,1992,1461687.0,0.0,2.0,0.0,2.0,inf,730843.5,inf,730843.5
NED,Netherlands,1992,15184166.0,7.0,6.0,2.0,15.0,7592083.0,2530694.3333333335,2169166.5714285714,1012277.7333333333
NZL,New Zealand,1992,3531700.0,5.0,4.0,1.0,10.0,3531700.0,882925.0,706340.0,353170.0
NGR,Nigeria,1992,100182045.0,1.0,3.0,0.0,4.0,inf,33394015.0,100182045.0,25045511.25
PRK,North Korea,1992,21439991.0,5.0,0.0,4.0,9.0,5359997.75,inf,4287998.2,2382221.222222222
NOR,Norway,1992,4286401.0,1.0,4.0,2.0,7.0,2143200.5,1071600.25,4286401.0,612343.0
PAK,Pakistan,1992,122375179.0,1.0,0.0,0.0,1.0,inf,inf,122375179.0,122375179.0
PER,Peru,1992,23047248.0,0.0,1.0,0.0,1.0,inf,23047248.0,inf,23047248.0
PHI,Philippines,1992,64543525.0,1.0,0.0,0.0,1.0,inf,inf,64543525.0,64543525.0
POL,Poland,1992,38363667.0,10.0,6.0,3.0,19.0,12787889.0,6393944.5,3836366.7,2019140.3684210526
PUR,Puerto Rico,1992,3585176.0,1.0,0.0,0.0,1.0,inf,inf,3585176.0,3585176.0
QAT,Qatar,1992,471293.0,1.0,0.0,0.0,1.0,inf,inf,471293.0,471293.0
ROU,Romania,1992,22794284.0,8.0,6.0,4.0,18.0,5698571.0,3799047.3333333335,2849285.5,1266349.111111111
EUN,Russia,1992,148538197.0,29.0,38.0,45.0,112.0,3300848.822222222,3908899.9210526315,5122006.793103448,1326233.9017857143
SLO,Slovenia,1992,1996498.0,2.0,0.0,0.0,2.0,inf,inf,998249.0,998249.0
RSA,South Africa,1992,41760755.0,0.0,2.0,0.0,2.0,inf,20880377.5,inf,20880377.5
KOR,South Korea,1992,43747962.0,11.0,5.0,12.0,28.0,3645663.5,8749592.4,3977087.4545454546,1562427.2142857143
ESP,Spain,1992,39157685.0,2.0,7.0,13.0,22.0,3012129.6153846155,5593955.0,19578842.5,1779894.7727272727
SUR,Suriname,1992,419521.0,1.0,0.0,0.0,1.0,inf,inf,419521.0,419521.0
SWE,Sweden,1992,8668067.0,4.0,7.0,1.0,12.0,8668067.0,1238295.2857142857,2167016.75,722338.9166666666
SUI,Switzerland,1992,6875364.0,0.0,0.0,1.0,1.0,6875364.0,inf,inf,6875364.0
TPE,Taiwan,1992,,0.0,1.0,0.0,1.0,,,,
THA,Thailand,1992,56939020.0,1.0,0.0,0.0,1.0,inf,inf,56939020.0,56939020.0
TUR,Turkey,1992,56302037.0,2.0,2.0,2.0,6.0,28151018.5,28151018.5,28151018.5,9383672.833333334
GBR,UK,1992,57580402.0,12.0,3.0,5.0,20.0,11516080.4,19193467.333333332,4798366.833333333,2879020.1
USA,USA,1992,256514000.0,37.0,34.0,37.0,108.0,6932810.810810811,7544529.411764706,6932810.810810811,2375129.6296296297
ALG,Algeria,1996,28984634.0,1.0,0.0,2.0,3.0,14492317.0,inf,28984634.0,9661544.666666666
ARG,Argentina,1996,35389362.0,1.0,2.0,0.0,3.0,inf,17694681.0,35389362.0,11796454.0
ARM,Armenia,1996,3298898.0,0.0,1.0,1.0,2.0,3298898.0,3298898.0,inf,1649449.0
AUS,Australia,1996,18224767.0,23.0,9.0,9.0,41.0,2024974.111111111,2024974.111111111,792381.1739130435,444506.51219512196
AUT,Austria,1996,7959017.0,2.0,1.0,0.0,3.0,inf,7959017.0,3979508.5,2653005.6666666665
AZE,Azerbaijan,1996,7763000.0,0.0,1.0,0.0,1.0,inf,7763000.0,inf,7763000.0
BAH,Bahamas,1996,304933.0,0.0,1.0,0.0,1.0,inf,304933.0,inf,304933.0
BLR,Belarus,1996,10159569.0,8.0,6.0,1.0,15.0,10159569.0,1693261.5,1269946.125,677304.6
BEL,Belgium,1996,10156637.0,2.0,2.0,2.0,6.0,5078318.5,5078318.5,5078318.5,1692772.8333333333
BRA,Brazil,1996,166037122.0,9.0,3.0,3.0,15.0,55345707.333333336,55345707.333333336,18448569.111111112,11069141.466666667
BUL,Bulgaria,1996,8362826.0,5.0,7.0,3.0,15.0,2787608.6666666665,1194689.4285714286,1672565.2,557521.7333333333
BDI,Burundi,1996,5930507.0,0.0,0.0,1.0,1.0,5930507.0,inf,inf,5930507.0
CAN,Canada,1996,29610218.0,8.0,11.0,3.0,22.0,9870072.666666666,2691838.0,3701277.25,1345919.0
CHN,China,1996,1217550000.0,12.0,22.0,17.0,51.0,71620588.23529412,55343181.81818182,101462500.0,23873529.411764707
HKG,China,1996,1217550000.0,12.0,22.0,17.0,51.0,71620588.23529412,55343181.81818182,101462500.0,23873529.411764707
CRC,Costa Rica,1996,3656234.0,0.0,0.0,1.0,1.0,3656234.0,inf,inf,3656234.0
CRO,Croatia,1996,4557097.0,0.0,1.0,1.0,2.0,4557097.0,4557097.0,inf,2278548.5
CUB,Cuba,1996,10963031.0,8.0,8.0,9.0,25.0,1218114.5555555555,1370378.875,1370378.875,438521.24
CZE,Czech Republic,1996,10315241.0,4.0,3.0,4.0,11.0,2578810.25,3438413.6666666665,2578810.25,937749.1818181818
DEN,Denmark,1996,5263074.0,1.0,1.0,4.0,6.0,1315768.5,5263074.0,5263074.0,877179.0
ECU,Ecuador,1996,11775221.0,0.0,0.0,1.0,1.0,11775221.0,inf,inf,11775221.0
ETH,Ethiopia,1996,59347649.0,1.0,0.0,2.0,3.0,29673824.5,inf,59347649.0,19782549.666666668
FIN,Finland,1996,5124573.0,1.0,2.0,1.0,4.0,5124573.0,2562286.5,5124573.0,1281143.25
FRA,France,1996,59756533.0,15.0,7.0,15.0,37.0,3983768.8666666667,8536647.57142857,3983768.8666666667,1615041.4324324324
GEO,Georgia,1996,4491699.0,2.0,0.0,0.0,2.0,inf,inf,2245849.5,2245849.5
GER,Germany,1996,81914831.0,27.0,18.0,20.0,65.0,4095741.55,4550823.944444444,3033882.6296296297,1260228.1692307692
GRE,Greece,1996,10608800.0,0.0,4.0,4.0,8.0,2652200.0,2652200.0,inf,1326100.0
HUN,Hungary,1996,10311238.0,10.0,4.0,7.0,21.0,1473034.0,2577809.5,1031123.8,491011.3333333333
IND,India,1996,983281218.0,1.0,0.0,0.0,1.0,inf,inf,983281218.0,983281218.0
INA,Indonesia,1996,201373791.0,2.0,1.0,1.0,4.0,201373791.0,201373791.0,100686895.5,50343447.75
IRI,Iran,1996,61598378.0,1.0,1.0,1.0,3.0,61598378.0,61598378.0,61598378.0,20532792.666666668
IRL,Ireland,1996,3637510.0,1.0,0.0,3.0,4.0,1212503.3333333333,inf,3637510.0,909377.5
ISR,Israel,1996,5692000.0,1.0,0.0,0.0,1.0,inf,inf,5692000.0,5692000.0
ITA,Italy,1996,56860281.0,12.0,10.0,13.0,35.0,4373867.769230769,5686028.1,4738356.75,1624579.4571428571
JAM,Jamaica,1996,2532894.0,2.0,3.0,1.0,6.0,2532894.0,844298.0,1266447.0,422149.0
JPN,Japan,1996,125757000.0,5.0,6.0,3.0,14.0,41919000.0,20959500.0,25151400.0,8982642.857142856
KAZ,Kazakhstan,1996,15578227.0,4.0,4.0,3.0,11.0,5192742.333333333,3894556.75,3894556.75,1416202.4545454546
KEN,Kenya,1996,27615736.0,3.0,4.0,1.0,8.0,27615736.0,6903934.0,9205245.333333334,3451967.0
LAT,Latvia,1996,2457222.0,0.0,1.0,0.0,1.0,inf,2457222.0,inf,2457222.0
LTU,Lithuania,1996,3601613.0,1.0,0.0,0.0,1.0,inf,inf,3601613.0,3601613.0
MAS,Malaysia,1996,20689051.0,1.0,1.0,0.0,2.0,inf,20689051.0,20689051.0,10344525.5
MEX,Mexico,1996,91586555.0,1.0,0.0,0.0,1.0,inf,inf,91586555.0,91586555.0
MDA,Moldova,1996,2947293.0,1.0,1.0,0.0,2.0,inf,2947293.0,2947293.0,1473646.5
MGL,Mongolia,1996,2357033.0,1.0,0.0,0.0,1.0,inf,inf,2357033.0,2357033.0
MAR,Morocco,1996,26999093.0,2.0,0.0,0.0,2.0,inf,inf,13499546.5,13499546.5
MOZ,Mozambique,1996,16079553.0,1.0,0.0,0.0,1.0,inf,inf,16079553.0,16079553.0
NAM,Namibia,1996,1650066.0,0.0,2.0,0.0,2.0,inf,825033.0,inf,825033.0
NED,Netherlands,1996,15530498.0,10.0,5.0,4.0,19.0,3882624.5,3106099.6,1553049.8,817394.6315789474
NZL,New Zealand,1996,3732000.0,1.0,2.0,3.0,6.0,1244000.0,1866000.0,3732000.0,622000.0
NGR,Nigeria,1996,110956183.0,3.0,1.0,2.0,6.0,55478091.5,110956183.0,36985394.333333336,18492697.166666668
PRK,North Korea,1996,22614347.0,2.0,1.0,2.0,5.0,11307173.5,22614347.0,11307173.5,4522869.4
NOR,Norway,1996,4381336.0,3.0,2.0,2.0,7.0,2190668.0,2190668.0,1460445.3333333333,625905.1428571428
PHI,Philippines,1996,70944969.0,0.0,1.0,0.0,1.0,inf,70944969.0,inf,70944969.0
POL,Poland,1996,38624370.0,5.0,5.0,7.0,17.0,5517767.142857143,7724874.0,7724874.0,2272021.7647058824
POR,Portugal,1996,10063945.0,1.0,0.0,1.0,2.0,10063945.0,inf,10063945.0,5031972.5
PUR,Puerto Rico,1996,3724655.0,1.0,0.0,0.0,1.0,inf,inf,3724655.0,3724655.0
ROU,Romania,1996,22619004.0,8.0,7.0,4.0,19.0,5654751.0,3231286.285714286,2827375.5,1190473.894736842
RUS,Russia,1996,148160129.0,16.0,21.0,26.0,63.0,5698466.5,7055244.238095238,9260008.0625,2351748.0793650793
SCG,Serbia,1996,7617794.0,2.0,1.0,1.0,4.0,7617794.0,7617794.0,3808897.0,1904448.5
SVK,Slovakia,1996,5373361.0,1.0,1.0,1.0,3.0,5373361.0,5373361.0,5373361.0,1791120.3333333333
SLO,Slovenia,1996,1988628.0,0.0,2.0,0.0,2.0,inf,994314.0,inf,994314.0
RSA,South Africa,1996,44661603.0,1.0,1.0,3.0,5.0,14887201.0,44661603.0,44661603.0,8932320.6
KOR,South Korea,1996,45524681.0,5.0,15.0,7.0,27.0,6503525.857142857,3034978.7333333334,9104936.2,1686099.2962962964
ESP,Spain,1996,39889852.0,6.0,6.0,5.0,17.0,7977970.4,6648308.666666667,6648308.666666667,2346461.882352941
SWE,Sweden,1996,8840998.0,2.0,4.0,2.0,8.0,4420499.0,2210249.5,4420499.0,1105124.75
SUI,Switzerland,1996,7071850.0,0.0,3.0,4.0,7.0,1767962.5,2357283.3333333335,inf,1010264.2857142857
SYR,Syria,1996,14708879.0,0.0,0.0,1.0,1.0,14708879.0,inf,inf,14708879.0
TPE,Taiwan,1996,,0.0,1.0,0.0,1.0,,,,
THA,Thailand,1996,60211096.0,1.0,0.0,1.0,2.0,60211096.0,inf,60211096.0,30105548.0
TGA,Tonga,1996,100195.0,0.0,1.0,0.0,1.0,inf,100195.0,inf,100195.0
TTO,Trinidad,1996,1313434.0,2.0,0.0,0.0,2.0,inf,inf,656717.0,656717.0
TUN,Tunisia,1996,9430550.0,1.0,0.0,0.0,1.0,inf,inf,9430550.0,9430550.0
TUR,Turkey,1996,60293786.0,1.0,1.0,4.0,6.0,15073446.5,60293786.0,60293786.0,10048964.333333334
GBR,UK,1996,58166950.0,6.0,8.0,1.0,15.0,58166950.0,7270868.75,9694491.666666666,3877796.6666666665
USA,USA,1996,269394000.0,25.0,32.0,44.0,101.0,6122590.909090909,8418562.5,10775760.0,2667267.326732673
UGA,Uganda,1996,21249572.0,1.0,0.0,0.0,1.0,inf,inf,21249572.0,21249572.0
UKR,Ukraine,1996,51057800.0,12.0,2.0,9.0,23.0,5673088.888888889,25528900.0,4254816.666666667,2219904.347826087
UZB,Uzbekistan,1996,23225000.0,1.0,1.0,0.0,2.0,inf,23225000.0,23225000.0,11612500.0
ZAM,Zambia,1996,8902019.0,0.0,1.0,0.0,1.0,inf,8902019.0,inf,8902019.0
ALG,Algeria,2000,30774621.0,3.0,1.0,1.0,5.0,30774621.0,30774621.0,10258207.0,6154924.2
ARG,Argentina,2000,37070774.0,2.0,2.0,0.0,4.0,inf,18535387.0,18535387.0,9267693.5
ARM,Armenia,2000,3168523.0,1.0,0.0,0.0,1.0,inf,inf,3168523.0,3168523.0
AUS,Australia,2000,19028802.0,17.0,25.0,16.0,58.0,1189300.125,761152.08,1119341.294117647,328082.7931034483
AUT,Austria,2000,8011566.0,0.0,1.0,2.0,3.0,4005783.0,8011566.0,inf,2670522.0
AZE,Azerbaijan,2000,8048600.0,1.0,0.0,2.0,3.0,4024300.0,inf,8048600.0,2682866.6666666665
BAH,Bahamas,2000,325014.0,1.0,0.0,2.0,3.0,162507.0,inf,325014.0,108338.0
BAR,Barbados,2000,264657.0,1.0,0.0,0.0,1.0,inf,inf,264657.0,264657.0
BLR,Belarus,2000,9979610.0,11.0,3.0,3.0,17.0,3326536.6666666665,3326536.6666666665,907237.2727272727,587035.8823529412
BEL,Belgium,2000,10251250.0,3.0,2.0,0.0,5.0,inf,5125625.0,3417083.3333333335,2050250.0
BRA,Brazil,2000,175873720.0,6.0,6.0,0.0,12.0,inf,29312286.666666668,29312286.666666668,14656143.333333334
BUL,Bulgaria,2000,8170172.0,2.0,6.0,5.0,13.0,1634034.4,1361695.3333333333,4085086.0,628474.7692307692
CMR,Cameroon,2000,15091594.0,0.0,0.0,1.0,1.0,15091594.0,inf,inf,15091594.0
CAN,Canada,2000,30685730.0,8.0,3.0,3.0,14.0,10228576.666666666,10228576.666666666,3835716.25,2191837.8571428573
CHI,Chile,2000,15351799.0,1.0,0.0,0.0,1.0,inf,inf,15351799.0,15351799.0
CHN,China,2000,1262645000.0,14.0,16.0,28.0,58.0,45094464.28571428,78915312.5,90188928.57142857,21769741.379310343
HKG,China,2000,1262645000.0,14.0,16.0,28.0,58.0,45094464.28571428,78915312.5,90188928.57142857,21769741.379310343
COL,Colombia,2000,39215135.0,0.0,0.0,1.0,1.0,39215135.0,inf,inf,39215135.0
CRC,Costa Rica,2000,3979193.0,2.0,0.0,0.0,2.0,inf,inf,1989596.5,1989596.5
CRO,Croatia,2000,4468302.0,1.0,0.0,1.0,2.0,4468302.0,inf,4468302.0,2234151.0
CUB,Cuba,2000,11105791.0,7.0,11.0,11.0,29.0,1009617.3636363636,1009617.3636363636,1586541.5714285714,382958.3103448276
CZE,Czech Republic,2000,10255063.0,3.0,3.0,2.0,8.0,5127531.5,3418354.3333333335,3418354.3333333335,1281882.875
DEN,Denmark,2000,5339616.0,1.0,3.0,2.0,6.0,2669808.0,1779872.0,5339616.0,889936.0
EST,Estonia,2000,1396985.0,2.0,0.0,1.0,3.0,1396985.0,inf,698492.5,465661.6666666667
ETH,Ethiopia,2000,67031867.0,3.0,1.0,4.0,8.0,16757966.75,67031867.0,22343955.666666668,8378983.375
FIN,Finland,2000,5176209.0,1.0,1.0,2.0,4.0,2588104.5,5176209.0,5176209.0,1294052.25
FRA,France,2000,60921384.0,11.0,14.0,13.0,38.0,4686260.307692308,4351527.428571428,5538307.636363637,1603194.3157894737
GEO,Georgia,2000,4077131.0,6.0,0.0,0.0,6.0,inf,inf,679521.8333333334,679521.8333333334
GER,Germany,2000,82211508.0,26.0,17.0,13.0,56.0,6323962.153846154,4835971.05882353,3161981.076923077,1468062.642857143
GRE,Greece,2000,10805808.0,3.0,6.0,4.0,13.0,2701452.0,1800968.0,3601936.0,831216.0
HUN,Hungary,2000,10210971.0,3.0,6.0,8.0,17.0,1276371.375,1701828.5,3403657.0,600645.3529411765
ISL,Iceland,2000,281205.0,1.0,0.0,0.0,1.0,inf,inf,281205.0,281205.0
IND,India,2000,1059633675.0,1.0,0.0,0.0,1.0,inf,inf,1059633675.0,1059633675.0
INA,Indonesia,2000,214072421.0,2.0,3.0,1.0,6.0,214072421.0,71357473.66666667,107036210.5,35678736.833333336
IRI,Iran,2000,65544383.0,1.0,0.0,3.0,4.0,21848127.666666668,inf,65544383.0,16386095.75
IRL,Ireland,2000,3805174.0,0.0,1.0,0.0,1.0,inf,3805174.0,inf,3805174.0
ISR,Israel,2000,6289000.0,1.0,0.0,0.0,1.0,inf,inf,6289000.0,6289000.0
ITA,Italy,2000,56942108.0,13.0,8.0,13.0,34.0,4380162.153846154,7117763.5,4380162.153846154,1674767.8823529412
JAM,Jamaica,2000,2612205.0,3.0,6.0,0.0,9.0,inf,435367.5,870735.0,290245.0
JPN,Japan,2000,126843000.0,5.0,8.0,5.0,18.0,25368600.0,15855375.0,25368600.0,7046833.333333333
KAZ,Kazakhstan,2000,14883626.0,0.0,4.0,3.0,7.0,4961208.666666667,3720906.5,inf,2126232.285714286
KEN,Kenya,2000,30851606.0,2.0,3.0,2.0,7.0,15425803.0,10283868.666666666,15425803.0,4407372.285714285
KUW,Kuwait,2000,1934901.0,1.0,0.0,0.0,1.0,inf,inf,1934901.0,1934901.0
KGZ,Kyrgyzstan,2000,4898400.0,1.0,0.0,0.0,1.0,inf,inf,4898400.0,4898400.0
LAT,Latvia,2000,2367550.0,1.0,1.0,1.0,3.0,2367550.0,2367550.0,2367550.0,789183.3333333334
LTU,Lithuania,2000,3499536.0,3.0,0.0,2.0,5.0,1749768.0,inf,1166512.0,699907.2
MKD,Macedonia,2000,2026350.0,1.0,0.0,0.0,1.0,inf,inf,2026350.0,2026350.0
MEX,Mexico,2000,97873442.0,3.0,2.0,1.0,6.0,97873442.0,48936721.0,32624480.666666668,16312240.333333334
MDA,Moldova,2000,2924668.0,1.0,1.0,0.0,2.0,inf,2924668.0,2924668.0,1462334.0
MAR,Morocco,2000,28554415.0,4.0,1.0,0.0,5.0,inf,28554415.0,7138603.75,5710883.0
MOZ,Mozambique,2000,17768505.0,0.0,0.0,1.0,1.0,17768505.0,inf,inf,17768505.0
NED,Netherlands,2000,15925513.0,4.0,9.0,12.0,25.0,1327126.0833333333,1769501.4444444445,3981378.25,637020.52
NZL,New Zealand,2000,3857700.0,3.0,0.0,1.0,4.0,3857700.0,inf,1285900.0,964425.0
NGR,Nigeria,2000,122851984.0,0.0,2.0,1.0,3.0,122851984.0,61425992.0,inf,40950661.333333336
PRK,North Korea,2000,23367059.0,3.0,1.0,0.0,4.0,inf,23367059.0,7789019.666666667,5841764.75
NOR,Norway,2000,4490967.0,3.0,3.0,4.0,10.0,1122741.75,1496989.0,1496989.0,449096.7
POL,Poland,2000,38258629.0,3.0,5.0,6.0,14.0,6376438.166666667,7651725.8,12752876.333333334,2732759.214285714
POR,Portugal,2000,10289898.0,2.0,0.0,0.0,2.0,inf,inf,5144949.0,5144949.0
QAT,Qatar,2000,645937.0,1.0,0.0,0.0,1.0,inf,inf,645937.0,645937.0
ROU,Romania,2000,22442971.0,9.0,6.0,11.0,26.0,2040270.0909090908,3740495.1666666665,2493663.4444444445,863191.1923076923
RUS,Russia,2000,146596869.0,29.0,28.0,32.0,89.0,4581152.15625,5235602.464285715,5055064.448275862,1647155.831460674
KSA,Saudi Arabia,2000,21547390.0,1.0,1.0,0.0,2.0,inf,21547390.0,21547390.0,10773695.0
SCG,Serbia,2000,7516346.0,1.0,1.0,1.0,3.0,7516346.0,7516346.0,7516346.0,2505448.6666666665
SVK,Slovakia,2000,5388720.0,1.0,3.0,1.0,5.0,5388720.0,1796240.0,5388720.0,1077744.0
SLO,Slovenia,2000,1988925.0,0.0,0.0,2.0,2.0,994462.5,inf,inf,994462.5
RSA,South Africa,2000,46813266.0,3.0,2.0,0.0,5.0,inf,23406633.0,15604422.0,9362653.2
KOR,South Korea,2000,47008111.0,10.0,10.0,8.0,28.0,5876013.875,4700811.1,4700811.1,1678861.107142857
ESP,Spain,2000,40567864.0,5.0,3.0,3.0,11.0,13522621.333333334,13522621.333333334,8113572.8,3687987.6363636362
SRI,Sri Lanka,2000,18776371.0,0.0,1.0,0.0,1.0,inf,18776371.0,inf,18776371.0
SWE,Sweden,2000,8872109.0,3.0,5.0,4.0,12.0,2218027.25,1774421.8,2957369.6666666665,739342.4166666666
SUI,Switzerland,2000,7184250.0,2.0,6.0,1.0,9.0,7184250.0,1197375.0,3592125.0,798250.0
TPE,Taiwan,2000,,4.0,1.0,0.0,5.0,,,,
THA,Thailand,2000,63066603.0,2.0,0.0,1.0,3.0,63066603.0,inf,31533301.5,21022201.0
TTO,Trinidad,2000,1332203.0,1.0,1.0,0.0,2.0,inf,1332203.0,1332203.0,666101.5
TUR,Turkey,2000,64113547.0,2.0,0.0,3.0,5.0,21371182.333333332,inf,32056773.5,12822709.4
GBR,UK,2000,58892514.0,7.0,10.0,11.0,28.0,5353864.909090909,5889251.4,8413216.285714285,2103304.0714285714
USA,USA,2000,282162411.0,31.0,24.0,36.0,91.0,7837844.75,11756767.125,9102013.258064516,3100685.835164835
UKR,Ukraine,2000,49176500.0,10.0,10.0,3.0,23.0,16392166.666666666,4917650.0,4917650.0,2138108.695652174
URU,Uruguay,2000,3292224.0,0.0,1.0,0.0,1.0,inf,3292224.0,inf,3292224.0
UZB,Uzbekistan,2000,24650400.0,2.0,1.0,1.0,4.0,24650400.0,24650400.0,12325200.0,6162600.0
VIE,Vietnam,2000,79001142.0,0.0,1.0,0.0,1.0,inf,79001142.0,inf,79001142.0
ARG,Argentina,2004,38668796.0,4.0,0.0,2.0,6.0,19334398.0,inf,9667199.0,6444799.333333333
AUS,Australia,2004,19932722.0,17.0,16.0,17.0,50.0,1172513.0588235294,1245795.125,1172513.0588235294,398654.44
AUT,Austria,2004,8171966.0,1.0,4.0,2.0,7.0,4085983.0,2042991.5,8171966.0,1167423.7142857143
AZE,Azerbaijan,2004,8306500.0,4.0,0.0,1.0,5.0,8306500.0,inf,2076625.0,1661300.0
BAH,Bahamas,2004,343089.0,1.0,0.0,1.0,2.0,343089.0,inf,343089.0,171544.5
BLR,Belarus,2004,9730146.0,6.0,5.0,2.0,13.0,4865073.0,1946029.2,1621691.0,748472.7692307692
BEL,Belgium,2004,10421137.0,2.0,0.0,1.0,3.0,10421137.0,inf,5210568.5,3473712.3333333335
BRA,Brazil,2004,184722043.0,3.0,2.0,5.0,10.0,36944408.6,92361021.5,61574014.333333336,18472204.3
BUL,Bulgaria,2004,7716860.0,9.0,1.0,2.0,12.0,3858430.0,7716860.0,857428.8888888889,643071.6666666666
CMR,Cameroon,2004,16809407.0,0.0,0.0,1.0,1.0,16809407.0,inf,inf,16809407.0
CAN,Canada,2004,31938807.0,3.0,6.0,3.0,12.0,10646269.0,5323134.5,10646269.0,2661567.25
CHI,Chile,2004,16017966.0,1.0,0.0,2.0,3.0,8008983.0,inf,16017966.0,5339322.0
CHN,China,2004,1296075000.0,14.0,18.0,32.0,64.0,40502343.75,72004166.66666667,92576785.71428572,20251171.875
HKG,China,2004,1296075000.0,14.0,18.0,32.0,64.0,40502343.75,72004166.66666667,92576785.71428572,20251171.875
COL,Colombia,2004,41648268.0,2.0,0.0,0.0,2.0,inf,inf,20824134.0,20824134.0
CRO,Croatia,2004,4304600.0,2.0,2.0,1.0,5.0,4304600.0,2152300.0,2152300.0,860920.0
CUB,Cuba,2004,11225294.0,11.0,7.0,9.0,27.0,1247254.888888889,1603613.4285714286,1020481.2727272727,415751.6296296296
CZE,Czech Republic,2004,10197101.0,5.0,3.0,1.0,9.0,10197101.0,3399033.6666666665,2039420.2,1133011.2222222222
DEN,Denmark,2004,5404523.0,5.0,1.0,2.0,8.0,2702261.5,5404523.0,1080904.6,675565.375
DOM,Dominican Republic,2004,9043127.0,0.0,0.0,1.0,1.0,9043127.0,inf,inf,9043127.0
EGY,Egypt,2004,77522427.0,3.0,1.0,1.0,5.0,77522427.0,77522427.0,25840809.0,15504485.4
ERI,Eritrea,2004,2763140.0,1.0,0.0,0.0,1.0,inf,inf,2763140.0,2763140.0
EST,Estonia,2004,1362550.0,2.0,1.0,0.0,3.0,inf,1362550.0,681275.0,454183.3333333333
ETH,Ethiopia,2004,75301026.0,2.0,3.0,2.0,7.0,37650513.0,25100342.0,37650513.0,10757289.42857143
FIN,Finland,2004,5228172.0,0.0,2.0,0.0,2.0,inf,2614086.0,inf,2614086.0
FRA,France,2004,62716306.0,13.0,9.0,11.0,33.0,5701482.363636363,6968478.444444444,4824331.230769231,1900494.121212121
GEO,Georgia,2004,3927340.0,0.0,2.0,2.0,4.0,1963670.0,1963670.0,inf,981835.0
GER,Germany,2004,82516260.0,20.0,16.0,13.0,49.0,6347404.615384615,5157266.25,4125813.0,1684005.306122449
GRE,Greece,2004,10955141.0,4.0,6.0,6.0,16.0,1825856.8333333333,1825856.8333333333,2738785.25,684696.3125
HUN,Hungary,2004,10107146.0,3.0,6.0,8.0,17.0,1263393.25,1684524.3333333333,3369048.6666666665,594538.0
IND,India,2004,1136264583.0,0.0,1.0,0.0,1.0,inf,1136264583.0,inf,1136264583.0
INA,Indonesia,2004,225938595.0,2.0,1.0,1.0,4.0,225938595.0,225938595.0,112969297.5,56484648.75
IRI,Iran,2004,69061674.0,2.0,2.0,2.0,6.0,34530837.0,34530837.0,34530837.0,11510279.0
ISR,Israel,2004,6809000.0,1.0,0.0,1.0,2.0,6809000.0,inf,6809000.0,3404500.0
ITA,Italy,2004,57685327.0,11.0,11.0,10.0,32.0,5768532.7,5244120.636363637,5244120.636363637,1802666.46875
JAM,Jamaica,2004,2664024.0,2.0,1.0,2.0,5.0,1332012.0,2664024.0,1332012.0,532804.8
JPN,Japan,2004,127761000.0,12.0,9.0,16.0,37.0,7985062.5,14195666.666666666,10646750.0,3453000.0
KAZ,Kazakhstan,2004,15012984.0,3.0,4.0,1.0,8.0,15012984.0,3753246.0,5004328.0,1876623.0
KEN,Kenya,2004,34791836.0,2.0,4.0,1.0,7.0,34791836.0,8697959.0,17395918.0,4970262.285714285
LAT,Latvia,2004,2263122.0,0.0,4.0,0.0,4.0,inf,565780.5,inf,565780.5
LTU,Lithuania,2004,3377075.0,0.0,2.0,1.0,3.0,3377075.0,1688537.5,inf,1125691.6666666667
MEX,Mexico,2004,103945813.0,1.0,3.0,0.0,4.0,inf,34648604.333333336,103945813.0,25986453.25
MGL,Mongolia,2004,2537949.0,1.0,0.0,0.0,1.0,inf,inf,2537949.0,2537949.0
MAR,Morocco,2004,30033125.0,0.0,1.0,2.0,3.0,15016562.5,30033125.0,inf,10011041.666666666
NED,Netherlands,2004,16281779.0,9.0,9.0,4.0,22.0,4070444.75,1809086.5555555555,1809086.5555555555,740080.8636363636
NZL,New Zealand,2004,4087500.0,0.0,2.0,3.0,5.0,1362500.0,2043750.0,inf,817500.0
NGR,Nigeria,2004,136756848.0,2.0,0.0,0.0,2.0,inf,inf,68378424.0,68378424.0
PRK,North Korea,2004,23948930.0,1.0,4.0,0.0,5.0,inf,5987232.5,23948930.0,4789786.0
NOR,Norway,2004,4591910.0,1.0,0.0,5.0,6.0,918382.0,inf,4591910.0,765318.3333333334
PAR,Paraguay,2004,5416324.0,0.0,1.0,0.0,1.0,inf,5416324.0,inf,5416324.0
POL,Poland,2004,38182222.0,5.0,2.0,3.0,10.0,12727407.333333334,19091111.0,7636444.4,3818222.2
POR,Portugal,2004,10483861.0,1.0,2.0,0.0,3.0,inf,5241930.5,10483861.0,3494620.3333333335
ROU,Romania,2004,21451748.0,6.0,5.0,8.0,19.0,2681468.5,4290349.6,3575291.3333333335,1129039.3684210526
RUS,Russia,2004,144067316.0,36.0,26.0,28.0,90.0,5145261.285714285,5541050.615384615,4001869.888888889,1600747.9555555556
SCG,Serbia,2004,7463157.0,0.0,2.0,0.0,2.0,inf,3731578.5,inf,3731578.5
SVK,Slovakia,2004,5372280.0,2.0,2.0,2.0,6.0,2686140.0,2686140.0,2686140.0,895380.0
SLO,Slovenia,2004,1997012.0,3.0,1.0,0.0,4.0,inf,1997012.0,665670.6666666666,499253.0
RSA,South Africa,2004,48556071.0,2.0,3.0,1.0,6.0,48556071.0,16185357.0,24278035.5,8092678.5
KOR,South Korea,2004,48082519.0,9.0,12.0,9.0,30.0,5342502.111111111,4006876.5833333335,5342502.111111111,1602750.6333333333
ESP,Spain,2004,42921895.0,6.0,11.0,3.0,20.0,14307298.333333334,3901990.4545454546,7153649.166666667,2146094.75
SWE,Sweden,2004,8993531.0,1.0,2.0,4.0,7.0,2248382.75,4496765.5,8993531.0,1284790.142857143
SUI,Switzerland,2004,7389625.0,3.0,1.0,1.0,5.0,7389625.0,7389625.0,2463208.3333333335,1477925.0
SYR,Syria,2004,18084007.0,1.0,0.0,0.0,1.0,inf,inf,18084007.0,18084007.0
TPE,Taiwan,2004,,1.0,2.0,2.0,5.0,,,,
THA,Thailand,2004,65311166.0,4.0,1.0,3.0,8.0,21770388.666666668,65311166.0,16327791.5,8163895.75
TTO,Trinidad,2004,1361172.0,1.0,0.0,0.0,1.0,inf,inf,1361172.0,1361172.0
TUR,Turkey,2004,67785075.0,5.0,3.0,3.0,11.0,22595025.0,22595025.0,13557015.0,6162279.545454546
GBR,UK,2004,59987905.0,12.0,9.0,9.0,30.0,6665322.777777778,6665322.777777778,4998992.083333333,1999596.8333333333
USA,USA,2004,292805298.0,26.0,39.0,36.0,101.0,8133480.5,7507828.153846154,11261742.23076923,2899062.3564356435
UKR,Ukraine,2004,47451626.0,9.0,5.0,8.0,22.0,5931453.25,9490325.2,5272402.888888889,2156892.090909091
UAE,United Arab Emirates,2004,3993339.0,0.0,0.0,1.0,1.0,3993339.0,inf,inf,3993339.0
UZB,Uzbekistan,2004,25864350.0,2.0,1.0,2.0,5.0,12932175.0,25864350.0,12932175.0,5172870.0
VEN,Venezuela,2004,26226927.0,2.0,0.0,0.0,2.0,inf,inf,13113463.5,13113463.5
ZIM,Zimbabwe,2004,12160881.0,1.0,1.0,1.0,3.0,12160881.0,12160881.0,12160881.0,4053627.0
AFG,Afghanistan,2008,26427199.0,1.0,0.0,0.0,1.0,inf,inf,26427199.0,26427199.0
ALG,Algeria,2008,34569592.0,1.0,1.0,0.0,2.0,inf,34569592.0,34569592.0,17284796.0
ARG,Argentina,2008,40273769.0,4.0,0.0,2.0,6.0,20136884.5,inf,10068442.25,6712294.833333333
ARM,Armenia,2008,2983421.0,6.0,0.0,0.0,6.0,inf,inf,497236.8333333333,497236.8333333333
AUS,Australia,2008,21249199.0,17.0,15.0,14.0,46.0,1517799.9285714286,1416613.2666666666,1249952.8823529412,461939.10869565216
AUT,Austria,2008,8321496.0,2.0,1.0,0.0,3.0,inf,8321496.0,4160748.0,2773832.0
AZE,Azerbaijan,2008,8763400.0,4.0,2.0,1.0,7.0,8763400.0,4381700.0,2190850.0,1251914.2857142857
BAH,Bahamas,2008,362795.0,1.0,1.0,0.0,2.0,inf,362795.0,362795.0,181397.5
BLR,Belarus,2008,9527985.0,9.0,5.0,4.0,18.0,2381996.25,1905597.0,1058665.0,529332.5
BEL,Belgium,2008,10709973.0,0.0,1.0,1.0,2.0,10709973.0,10709973.0,inf,5354986.5
BRA,Brazil,2008,192672317.0,9.0,4.0,3.0,16.0,64224105.666666664,48168079.25,21408035.222222224,12042019.8125
BUL,Bulgaria,2008,7492561.0,3.0,1.0,1.0,5.0,7492561.0,7492561.0,2497520.3333333335,1498512.2
CMR,Cameroon,2008,18777081.0,0.0,0.0,1.0,1.0,18777081.0,inf,inf,18777081.0
CAN,Canada,2008,33247298.0,7.0,9.0,3.0,19.0,11082432.666666666,3694144.222222222,4749614.0,1749857.7894736843
CHI,Chile,2008,16661462.0,0.0,1.0,0.0,1.0,inf,16661462.0,inf,16661462.0
CHN,China,2008,1324655000.0,28.0,21.0,51.0,100.0,25973627.45098039,63078809.52380952,47309107.14285714,13246550.0
HKG,China,2008,1324655000.0,28.0,21.0,51.0,100.0,25973627.45098039,63078809.52380952,47309107.14285714,13246550.0
COL,Colombia,2008,43815313.0,1.0,1.0,0.0,2.0,inf,43815313.0,43815313.0,21907656.5
CRO,Croatia,2008,4309705.0,3.0,2.0,0.0,5.0,inf,2154852.5,1436568.3333333333,861941.0
CUB,Cuba,2008,11276609.0,11.0,11.0,2.0,24.0,5638304.5,1025146.2727272727,1025146.2727272727,469858.7083333333
CZE,Czech Republic,2008,10384603.0,0.0,3.0,3.0,6.0,3461534.3333333335,3461534.3333333335,inf,1730767.1666666667
DEN,Denmark,2008,5493621.0,3.0,2.0,2.0,7.0,2746810.5,2746810.5,1831207.0,784803.0
DOM,Dominican Republic,2008,9522948.0,0.0,1.0,1.0,2.0,9522948.0,9522948.0,inf,4761474.0
ECU,Ecuador,2008,14496797.0,0.0,1.0,0.0,1.0,inf,14496797.0,inf,14496797.0
EGY,Egypt,2008,83844783.0,1.0,0.0,0.0,1.0,inf,inf,83844783.0,83844783.0
EST,Estonia,2008,1337090.0,0.0,1.0,1.0,2.0,1337090.0,1337090.0,inf,668545.0
ETH,Ethiopia,2008,84357105.0,2.0,1.0,4.0,7.0,21089276.25,84357105.0,42178552.5,12051015.0
FIN,Finland,2008,5313399.0,2.0,1.0,1.0,4.0,5313399.0,5313399.0,2656699.5,1328349.75
FRA,France,2008,64379696.0,18.0,16.0,7.0,41.0,9197099.42857143,4023731.0,3576649.777777778,1570236.487804878
GEO,Georgia,2008,3848449.0,3.0,0.0,3.0,6.0,1282816.3333333333,inf,1282816.3333333333,641408.1666666666
GER,Germany,2008,82110097.0,15.0,10.0,16.0,41.0,5131881.0625,8211009.7,5474006.466666667,2002685.2926829269
GRE,Greece,2008,11077841.0,2.0,2.0,0.0,4.0,inf,5538920.5,5538920.5,2769460.25
HUN,Hungary,2008,10038188.0,2.0,5.0,3.0,10.0,3346062.6666666665,2007637.6,5019094.0,1003818.8
ISL,Iceland,2008,317414.0,0.0,1.0,0.0,1.0,inf,317414.0,inf,317414.0
IND,India,2008,1206734806.0,2.0,0.0,1.0,3.0,1206734806.0,inf,603367403.0,402244935.3333333
INA,Indonesia,2008,237936543.0,3.0,1.0,1.0,5.0,237936543.0,237936543.0,79312181.0,47587308.6
IRI,Iran,2008,73318394.0,1.0,0.0,1.0,2.0,73318394.0,inf,73318394.0,36659197.0
IRL,Ireland,2008,4489544.0,2.0,1.0,0.0,3.0,inf,4489544.0,2244772.0,1496514.6666666667
ISR,Israel,2008,7308800.0,1.0,0.0,0.0,1.0,inf,inf,7308800.0,7308800.0
ITA,Italy,2008,58826731.0,10.0,9.0,8.0,27.0,7353341.375,6536303.444444444,5882673.1,2178767.814814815
JAM,Jamaica,2008,2711373.0,2.0,2.0,5.0,9.0,542274.6,1355686.5,1355686.5,301263.6666666667
JPN,Japan,2008,128063000.0,9.0,7.0,9.0,25.0,14229222.222222222,18294714.285714287,14229222.222222222,5122520.0
KAZ,Kazakhstan,2008,15776938.0,7.0,4.0,2.0,13.0,7888469.0,3944234.5,2253848.285714286,1213610.6153846155
KEN,Kenya,2008,39186895.0,5.0,4.0,6.0,15.0,6531149.166666667,9796723.75,7837379.0,2612459.6666666665
KGZ,Kyrgyzstan,2008,5318700.0,1.0,1.0,0.0,2.0,inf,5318700.0,5318700.0,2659350.0
LAT,Latvia,2008,2177322.0,1.0,1.0,1.0,3.0,2177322.0,2177322.0,2177322.0,725774.0
LTU,Lithuania,2008,3198231.0,3.0,2.0,0.0,5.0,inf,1599115.5,1066077.0,639646.2
MAS,Malaysia,2008,27664296.0,0.0,1.0,0.0,1.0,inf,27664296.0,inf,27664296.0
MRI,Mauritius,2008,1244121.0,1.0,0.0,0.0,1.0,inf,inf,1244121.0,1244121.0
MEX,Mexico,2008,109684489.0,1.0,0.0,2.0,3.0,54842244.5,inf,109684489.0,36561496.333333336
MDA,Moldova,2008,2868833.0,1.0,0.0,0.0,1.0,inf,inf,2868833.0,2868833.0
MGL,Mongolia,2008,2633887.0,0.0,2.0,2.0,4.0,1316943.5,1316943.5,inf,658471.75
MAR,Morocco,2008,31634992.0,1.0,1.0,0.0,2.0,inf,31634992.0,31634992.0,15817496.0
NED,Netherlands,2008,16445593.0,4.0,5.0,7.0,16.0,2349370.4285714286,3289118.6,4111398.25,1027849.5625
NZL,New Zealand,2008,4259800.0,4.0,2.0,3.0,9.0,1419933.3333333333,2129900.0,1064950.0,473311.1111111111
NGR,Nigeria,2008,152382506.0,3.0,1.0,0.0,4.0,inf,152382506.0,50794168.666666664,38095626.5
PRK,North Korea,2008,24469047.0,3.0,1.0,2.0,6.0,12234523.5,24469047.0,8156349.0,4078174.5
NOR,Norway,2008,4768212.0,1.0,5.0,3.0,9.0,1589404.0,953642.4,4768212.0,529801.3333333334
PAN,Panama,2008,3495276.0,0.0,0.0,1.0,1.0,3495276.0,inf,inf,3495276.0
POL,Poland,2008,38125759.0,1.0,6.0,3.0,10.0,12708586.333333334,6354293.166666667,38125759.0,3812575.9
POR,Portugal,2008,10558177.0,0.0,1.0,1.0,2.0,10558177.0,10558177.0,inf,5279088.5
ROU,Romania,2008,20537875.0,3.0,1.0,4.0,8.0,5134468.75,20537875.0,6845958.333333333,2567234.375
RUS,Russia,2008,142742366.0,28.0,21.0,23.0,72.0,6206189.826086956,6797255.523809524,5097941.642857143,1982532.861111111
SRB,Serbia,2008,7350222.0,2.0,1.0,0.0,3.0,inf,7350222.0,3675111.0,2450074.0
SVK,Slovakia,2008,5379233.0,1.0,2.0,3.0,6.0,1793077.6666666667,2689616.5,5379233.0,896538.8333333334
SLO,Slovenia,2008,2021316.0,2.0,2.0,1.0,5.0,2021316.0,1010658.0,1010658.0,404263.2
RSA,South Africa,2008,50565812.0,0.0,1.0,0.0,1.0,inf,50565812.0,inf,50565812.0
KOR,South Korea,2008,49054708.0,8.0,10.0,13.0,31.0,3773439.076923077,4905470.8,6131838.5,1582409.935483871
ESP,Spain,2008,45954106.0,3.0,10.0,5.0,18.0,9190821.2,4595410.6,15318035.333333334,2553005.888888889
SUD,Sudan,2008,32065241.0,0.0,1.0,0.0,1.0,inf,32065241.0,inf,32065241.0
SWE,Sweden,2008,9219637.0,1.0,4.0,0.0,5.0,inf,2304909.25,9219637.0,1843927.4
SUI,Switzerland,2008,7647675.0,4.0,1.0,2.0,7.0,3823837.5,7647675.0,1911918.75,1092525.0
TPE,Taiwan,2008,,4.0,0.0,0.0,4.0,,,,
TJK,Tajikistan,2008,7324627.0,1.0,1.0,0.0,2.0,inf,7324627.0,7324627.0,3662313.5
THA,Thailand,2008,67328239.0,0.0,2.0,2.0,4.0,33664119.5,33664119.5,inf,16832059.75
TOG,Togo,2008,6222482.0,1.0,0.0,0.0,1.0,inf,inf,6222482.0,6222482.0
TTO,Trinidad,2008,1392803.0,0.0,1.0,1.0,2.0,1392803.0,1392803.0,inf,696401.5
TUN,Tunisia,2008,10680380.0,0.0,0.0,1.0,1.0,10680380.0,inf,inf,10680380.0
TUR,Turkey,2008,71051678.0,3.0,3.0,1.0,7.0,71051678.0,23683892.666666668,23683892.666666668,10150239.714285715
GBR,UK,2008,61806995.0,16.0,13.0,19.0,48.0,3252999.736842105,4754384.230769231,3862937.1875,1287645.7291666667
USA,USA,2008,304093966.0,35.0,39.0,36.0,110.0,8447054.611111112,7797281.179487179,8688399.028571429,2764490.6
UKR,Ukraine,2008,46258189.0,15.0,5.0,7.0,27.0,6608312.714285715,9251637.8,3083879.2666666666,1713266.2592592593
UZB,Uzbekistan,2008,27302800.0,3.0,2.0,1.0,6.0,27302800.0,13651400.0,9100933.333333334,4550466.666666667
VEN,Venezuela,2008,27933833.0,1.0,0.0,0.0,1.0,inf,inf,27933833.0,27933833.0
VIE,Vietnam,2008,85597241.0,0.0,1.0,0.0,1.0,inf,85597241.0,inf,85597241.0
ZIM,Zimbabwe,2008,12550347.0,0.0,3.0,1.0,4.0,12550347.0,4183449.0,inf,3137586.75
AFG,Afghanistan,2012,30466479.0,1.0,0.0,0.0,1.0,inf,inf,30466479.0,30466479.0
ALG,Algeria,2012,37260563.0,0.0,0.0,1.0,1.0,37260563.0,inf,inf,37260563.0
ARG,Argentina,2012,41733271.0,2.0,1.0,1.0,4.0,41733271.0,41733271.0,20866635.5,10433317.75
ARM,Armenia,2012,2914421.0,2.0,1.0,0.0,3.0,inf,2914421.0,1457210.5,971473.6666666666
AUS,Australia,2012,22733465.0,12.0,16.0,7.0,35.0,3247637.8571428573,1420841.5625,1894455.4166666667,649527.5714285715
AZE,Azerbaijan,2012,9295784.0,6.0,2.0,2.0,10.0,4647892.0,4647892.0,1549297.3333333333,929578.4
BAH,Bahamas,2012,382061.0,0.0,0.0,1.0,1.0,382061.0,inf,inf,382061.0
BRN,Bahrain,2012,1224939.0,1.0,0.0,0.0,1.0,inf,inf,1224939.0,1224939.0
BLR,Belarus,2012,9446836.0,5.0,5.0,2.0,12.0,4723418.0,1889367.2,1889367.2,787236.3333333334
BEL,Belgium,2012,11106932.0,2.0,1.0,0.0,3.0,inf,11106932.0,5553466.0,3702310.6666666665
BOT,Botswana,2012,2175425.0,0.0,1.0,0.0,1.0,inf,2175425.0,inf,2175425.0
BRA,Brazil,2012,199977707.0,9.0,5.0,3.0,17.0,66659235.666666664,39995541.4,22219745.222222224,11763394.529411765
BUL,Bulgaria,2012,7305888.0,1.0,1.0,0.0,2.0,inf,7305888.0,7305888.0,3652944.0
CAN,Canada,2012,34713395.0,12.0,5.0,1.0,18.0,34713395.0,6942679.0,2892782.9166666665,1928521.9444444445
CHN,China,2012,1354190000.0,24.0,27.0,38.0,89.0,35636578.94736842,50155185.18518519,56424583.333333336,15215617.97752809
HKG,China,2012,1354190000.0,24.0,27.0,38.0,89.0,35636578.94736842,50155185.18518519,56424583.333333336,15215617.97752809
COL,Colombia,2012,45782417.0,4.0,3.0,1.0,8.0,45782417.0,15260805.666666666,11445604.25,5722802.125
CRO,Croatia,2012,4267558.0,2.0,1.0,3.0,6.0,1422519.3333333333,4267558.0,2133779.0,711259.6666666666
CUB,Cuba,2012,11309290.0,6.0,3.0,5.0,14.0,2261858.0,3769763.3333333335,1884881.6666666667,807806.4285714285
CYP,Cyprus,2012,1156556.0,0.0,1.0,0.0,1.0,inf,1156556.0,inf,1156556.0
CZE,Czech Republic,2012,10510785.0,3.0,3.0,4.0,10.0,2627696.25,3503595.0,3503595.0,1051078.5
DEN,Denmark,2012,5591572.0,3.0,4.0,2.0,9.0,2795786.0,1397893.0,1863857.3333333333,621285.7777777778
DOM,Dominican Republic,2012,10030882.0,0.0,1.0,1.0,2.0,10030882.0,10030882.0,inf,5015441.0
EGY,Egypt,2012,91240376.0,0.0,2.0,0.0,2.0,inf,45620188.0,inf,45620188.0
EST,Estonia,2012,1322696.0,1.0,1.0,0.0,2.0,inf,1322696.0,1322696.0,661348.0
ETH,Ethiopia,2012,94451280.0,3.0,1.0,3.0,7.0,31483760.0,94451280.0,31483760.0,13493040.0
FIN,Finland,2012,5413971.0,2.0,1.0,0.0,3.0,inf,5413971.0,2706985.5,1804657.0
FRA,France,2012,65662240.0,13.0,11.0,11.0,35.0,5969294.545454546,5969294.545454546,5050941.538461538,1876064.0
GAB,Gabon,2012,1836705.0,0.0,1.0,0.0,1.0,inf,1836705.0,inf,1836705.0
GEO,Georgia,2012,3728874.0,3.0,3.0,1.0,7.0,3728874.0,1242958.0,1242958.0,532696.2857142857
GER,Germany,2012,80425823.0,14.0,19.0,11.0,44.0,7311438.454545454,4232938.052631579,5744701.642857143,1827859.6136363635
GRE,Greece,2012,11045011.0,2.0,0.0,0.0,2.0,inf,inf,5522505.5,5522505.5
GRN,Grenada,2012,115912.0,0.0,0.0,1.0,1.0,115912.0,inf,inf,115912.0
GUA,Guatemala,2012,14781942.0,0.0,1.0,0.0,1.0,inf,14781942.0,inf,14781942.0
HUN,Hungary,2012,9920362.0,6.0,4.0,8.0,18.0,1240045.25,2480090.5,1653393.6666666667,551131.2222222222
IND,India,2012,1274487215.0,4.0,2.0,0.0,6.0,inf,637243607.5,318621803.75,212414535.83333334
INA,Indonesia,2012,250222695.0,1.0,1.0,0.0,2.0,inf,250222695.0,250222695.0,125111347.5
IRI,Iran,2012,77324451.0,3.0,5.0,4.0,12.0,19331112.75,15464890.2,25774817.0,6443704.25
IRL,Ireland,2012,4599533.0,3.0,1.0,1.0,5.0,4599533.0,4599533.0,1533177.6666666667,919906.6
ITA,Italy,2012,59539717.0,11.0,9.0,8.0,28.0,7442464.625,6615524.111111111,5412701.545454546,2126418.464285714
JAM,Jamaica,2012,2759817.0,4.0,4.0,4.0,12.0,689954.25,689954.25,689954.25,229984.75
JPN,Japan,2012,127629000.0,17.0,14.0,7.0,38.0,18232714.285714287,9116357.142857144,7507588.235294118,3358657.8947368423
KAZ,Kazakhstan,2012,16792090.0,5.0,1.0,7.0,13.0,2398870.0,16792090.0,3358418.0,1291699.2307692308
KEN,Kenya,2012,43725806.0,5.0,4.0,2.0,11.0,21862903.0,10931451.5,8745161.2,3975073.272727273
KUW,Kuwait,2012,3394663.0,1.0,0.0,0.0,1.0,inf,inf,3394663.0,3394663.0
LAT,Latvia,2012,2034319.0,1.0,0.0,1.0,2.0,2034319.0,inf,2034319.0,1017159.5
LTU,Lithuania,2012,2987773.0,2.0,1.0,2.0,5.0,1493886.5,2987773.0,1493886.5,597554.6
MAS,Malaysia,2012,29660212.0,1.0,1.0,0.0,2.0,inf,29660212.0,29660212.0,14830106.0
MEX,Mexico,2012,115755909.0,3.0,3.0,1.0,7.0,115755909.0,38585303.0,38585303.0,16536558.42857143
MDA,Moldova,2012,2860324.0,2.0,0.0,0.0,2.0,inf,inf,1430162.0,1430162.0
MGL,Mongolia,2012,2792349.0,3.0,2.0,0.0,5.0,inf,1396174.5,930783.0,558469.8
MNE,Montenegro,2012,620601.0,0.0,1.0,0.0,1.0,inf,620601.0,inf,620601.0
MAR,Morocco,2012,33352169.0,1.0,0.0,0.0,1.0,inf,inf,33352169.0,33352169.0
NED,Netherlands,2012,16754962.0,8.0,6.0,6.0,20.0,2792493.6666666665,2792493.6666666665,2094370.25,837748.1
NZL,New Zealand,2012,4408100.0,5.0,2.0,6.0,13.0,734683.3333333334,2204050.0,881620.0,339084.6153846154
PRK,North Korea,2012,24887770.0,2.0,0.0,4.0,6.0,6221942.5,inf,12443885.0,4147961.6666666665
NOR,Norway,2012,5018573.0,1.0,1.0,2.0,4.0,2509286.5,5018573.0,5018573.0,1254643.25
POL,Poland,2012,38063164.0,6.0,2.0,2.0,10.0,19031582.0,19031582.0,6343860.666666667,3806316.4
POR,Portugal,2012,10514844.0,0.0,1.0,0.0,1.0,inf,10514844.0,inf,10514844.0
PUR,Puerto Rico,2012,3634488.0,1.0,1.0,0.0,2.0,inf,3634488.0,3634488.0,1817244.0
QAT,Qatar,2012,1905660.0,2.0,0.0,0.0,2.0,inf,inf,952830.0,952830.0
ROU,Romania,2012,20058035.0,2.0,5.0,2.0,9.0,10029017.5,4011607.0,10029017.5,2228670.5555555555
RUS,Russia,2012,143378447.0,32.0,26.0,24.0,82.0,5974101.958333333,5514555.653846154,4480576.46875,1748517.6463414633
KSA,Saudi Arabia,2012,30821543.0,1.0,0.0,0.0,1.0,inf,inf,30821543.0,30821543.0
SRB,Serbia,2012,7199077.0,2.0,1.0,1.0,4.0,7199077.0,7199077.0,3599538.5,1799769.25
SVK,Slovakia,2012,5407579.0,3.0,1.0,0.0,4.0,inf,5407579.0,1802526.3333333333,1351894.75
SLO,Slovenia,2012,2057159.0,2.0,1.0,1.0,4.0,2057159.0,2057159.0,1028579.5,514289.75
RSA,South Africa,2012,53145033.0,1.0,2.0,3.0,6.0,17715011.0,26572516.5,53145033.0,8857505.5
KOR,South Korea,2012,50199853.0,7.0,8.0,13.0,28.0,3861527.153846154,6274981.625,7171407.571428572,1792851.892857143
ESP,Spain,2012,46773055.0,4.0,10.0,3.0,17.0,15591018.333333334,4677305.5,11693263.75,2751356.1764705884
SWE,Sweden,2012,9519374.0,3.0,4.0,1.0,8.0,9519374.0,2379843.5,3173124.6666666665,1189921.75
SUI,Switzerland,2012,7996861.0,0.0,2.0,2.0,4.0,3998430.5,3998430.5,inf,1999215.25
TPE,Taiwan,2012,,1.0,1.0,0.0,2.0,,,,
TJK,Tajikistan,2012,7956382.0,1.0,0.0,0.0,1.0,inf,inf,7956382.0,7956382.0
THA,Thailand,2012,69157023.0,1.0,2.0,0.0,3.0,inf,34578511.5,69157023.0,23052341.0
TTO,Trinidad,2012,1430377.0,2.0,1.0,1.0,4.0,1430377.0,1430377.0,715188.5,357594.25
TUN,Tunisia,2012,11174383.0,1.0,1.0,1.0,3.0,11174383.0,11174383.0,11174383.0,3724794.3333333335
TUR,Turkey,2012,75175827.0,1.0,2.0,2.0,5.0,37587913.5,37587913.5,75175827.0,15035165.4
GBR,UK,2012,63700215.0,19.0,17.0,29.0,65.0,2196559.1379310344,3747071.470588235,3352642.8947368423,980003.3076923077
USA,USA,2012,313877662.0,29.0,28.0,46.0,103.0,6823427.434782608,11209916.5,10823367.655172413,3047355.9417475727
UGA,Uganda,2012,34273295.0,0.0,0.0,1.0,1.0,34273295.0,inf,inf,34273295.0
UKR,Ukraine,2012,45593342.0,9.0,5.0,6.0,20.0,7598890.333333333,9118668.4,5065926.888888889,2279667.1
UZB,Uzbekistan,2012,29774500.0,2.0,0.0,1.0,3.0,29774500.0,inf,14887250.0,9924833.333333334
VEN,Venezuela,2012,29470426.0,0.0,0.0,1.0,1.0,29470426.0,inf,inf,29470426.0
ALG,Algeria,2016,40339329.0,0.0,2.0,0.0,2.0,inf,20169664.5,inf,20169664.5
ARG,Argentina,2016,43590368.0,0.0,1.0,3.0,4.0,14530122.666666666,43590368.0,inf,10897592.0
ARM,Armenia,2016,2865835.0,0.0,3.0,1.0,4.0,2865835.0,955278.3333333334,inf,716458.75
AUS,Australia,2016,24190907.0,10.0,11.0,8.0,29.0,3023863.375,2199173.3636363638,2419090.7,834169.2068965518
AUT,Austria,2016,8736668.0,1.0,0.0,0.0,1.0,inf,inf,8736668.0,8736668.0
AZE,Azerbaijan,2016,9757812.0,10.0,7.0,1.0,18.0,9757812.0,1393973.142857143,975781.2,542100.6666666666
BAH,Bahamas,2016,395976.0,1.0,0.0,1.0,2.0,395976.0,inf,395976.0,197988.0
BRN,Bahrain,2016,1409661.0,0.0,1.0,1.0,2.0,1409661.0,1409661.0,inf,704830.5
BLR,Belarus,2016,9469379.0,4.0,4.0,1.0,9.0,9469379.0,2367344.75,2367344.75,1052153.2222222222
BEL,Belgium,2016,11331422.0,2.0,2.0,2.0,6.0,5665711.0,5665711.0,5665711.0,1888570.3333333333
BRA,Brazil,2016,206859578.0,6.0,6.0,7.0,19.0,29551368.285714287,34476596.333333336,34476596.333333336,10887346.210526315
BUL,Bulgaria,2016,7127822.0,2.0,1.0,0.0,3.0,inf,7127822.0,3563911.0,2375940.6666666665
BDI,Burundi,2016,10903327.0,0.0,1.0,0.0,1.0,inf,10903327.0,inf,10903327.0
CAN,Canada,2016,36110803.0,15.0,3.0,4.0,22.0,9027700.75,12036934.333333334,2407386.8666666667,1641400.1363636365
CHN,China,2016,1387790000.0,26.0,18.0,26.0,70.0,53376538.461538464,77099444.44444445,53376538.461538464,19825571.42857143
HKG,China,2016,1387790000.0,26.0,18.0,26.0,70.0,53376538.461538464,77099444.44444445,53376538.461538464,19825571.42857143
COL,Colombia,2016,47625955.0,3.0,2.0,3.0,8.0,15875318.333333334,23812977.5,15875318.333333334,5953244.375
CRO,Croatia,2016,4174349.0,2.0,3.0,5.0,10.0,834869.8,1391449.6666666667,2087174.5,417434.9
CUB,Cuba,2016,11342012.0,4.0,2.0,5.0,11.0,2268402.4,5671006.0,2835503.0,1031092.0
CZE,Czech Republic,2016,10566332.0,7.0,2.0,1.0,10.0,10566332.0,5283166.0,1509476.0,1056633.2
DEN,Denmark,2016,5728010.0,7.0,6.0,2.0,15.0,2864005.0,954668.3333333334,818287.1428571428,381867.3333333333
DOM,Dominican Republic,2016,10527592.0,1.0,0.0,0.0,1.0,inf,inf,10527592.0,10527592.0
EGY,Egypt,2016,99784030.0,3.0,0.0,0.0,3.0,inf,inf,33261343.333333332,33261343.333333332
EST,Estonia,2016,1315790.0,1.0,0.0,0.0,1.0,inf,inf,1315790.0,1315790.0
ETH,Ethiopia,2016,105293228.0,5.0,2.0,1.0,8.0,105293228.0,52646614.0,21058645.6,13161653.5
FIJ,Fiji,2016,918371.0,0.0,0.0,1.0,1.0,918371.0,inf,inf,918371.0
FIN,Finland,2016,5495303.0,1.0,0.0,0.0,1.0,inf,inf,5495303.0,5495303.0
FRA,France,2016,66724104.0,14.0,18.0,10.0,42.0,6672410.4,3706894.6666666665,4766007.428571428,1588669.142857143
GEO,Georgia,2016,3727505.0,4.0,1.0,2.0,7.0,1863752.5,3727505.0,931876.25,532500.7142857143
GER,Germany,2016,82348669.0,15.0,10.0,17.0,42.0,4844039.352941177,8234866.9,5489911.266666667,1960682.5952380951
GRE,Greece,2016,10775971.0,2.0,1.0,3.0,6.0,3591990.3333333335,10775971.0,5387985.5,1795995.1666666667
GRN,Grenada,2016,119966.0,0.0,1.0,0.0,1.0,inf,119966.0,inf,119966.0
HUN,Hungary,2016,9814023.0,4.0,3.0,8.0,15.0,1226752.875,3271341.0,2453505.75,654268.2
IND,India,2016,1338636340.0,1.0,1.0,0.0,2.0,inf,1338636340.0,1338636340.0,669318170.0
IOA,Individual Olympic Athletes,2016,,1.0,0.0,1.0,2.0,,,,
INA,Indonesia,2016,261850182.0,0.0,2.0,1.0,3.0,261850182.0,130925091.0,inf,87283394.0
IRI,Iran,2016,83306231.0,4.0,1.0,3.0,8.0,27768743.666666668,83306231.0,20826557.75,10413278.875
IRL,Ireland,2016,4755335.0,0.0,2.0,0.0,2.0,inf,2377667.5,inf,2377667.5
ISR,Israel,2016,8546000.0,2.0,0.0,0.0,2.0,inf,inf,4273000.0,4273000.0
ITA,Italy,2016,60627498.0,8.0,12.0,8.0,28.0,7578437.25,5052291.5,7578437.25,2165267.785714286
CIV,Ivory Coast,2016,,1.0,0.0,1.0,2.0,,,,
JAM,Jamaica,2016,2802695.0,2.0,3.0,6.0,11.0,467115.8333333333,934231.6666666666,1401347.5,254790.45454545456
JPN,Japan,2016,127076000.0,21.0,8.0,12.0,41.0,10589666.666666666,15884500.0,6051238.095238095,3099414.6341463416
JOR,Jordan,2016,9964656.0,0.0,0.0,1.0,1.0,9964656.0,inf,inf,9964656.0
KAZ,Kazakhstan,2016,17794055.0,10.0,5.0,3.0,18.0,5931351.666666667,3558811.0,1779405.5,988558.6111111111
KEN,Kenya,2016,47894670.0,1.0,6.0,6.0,13.0,7982445.0,7982445.0,47894670.0,3684205.3846153845
KOS,Kosovo,2016,1777557.0,0.0,0.0,1.0,1.0,1777557.0,inf,inf,1777557.0
LTU,Lithuania,2016,2868231.0,3.0,1.0,0.0,4.0,inf,2868231.0,956077.0,717057.75
MAS,Malaysia,2016,31526418.0,1.0,4.0,0.0,5.0,inf,7881604.5,31526418.0,6305283.6
MEX,Mexico,2016,121519221.0,2.0,3.0,0.0,5.0,inf,40506407.0,60759610.5,24303844.2
MGL,Mongolia,2016,3029555.0,1.0,1.0,0.0,2.0,inf,3029555.0,3029555.0,1514777.5
MAR,Morocco,2016,35107264.0,1.0,0.0,0.0,1.0,inf,inf,35107264.0,35107264.0
NED,Netherlands,2016,17030314.0,4.0,7.0,8.0,19.0,2128789.25,2432902.0,4257578.5,896332.3157894737
NZL,New Zealand,2016,4714100.0,5.0,9.0,4.0,18.0,1178525.0,523788.8888888889,942820.0,261894.44444444444
NIG,Niger,2016,20921743.0,0.0,1.0,0.0,1.0,inf,20921743.0,inf,20921743.0
NGR,Nigeria,2016,188666931.0,1.0,0.0,0.0,1.0,inf,inf,188666931.0,188666931.0
PRK,North Korea,2016,25389611.0,2.0,3.0,2.0,7.0,12694805.5,8463203.666666666,12694805.5,3627087.285714286
NOR,Norway,2016,5234519.0,4.0,0.0,0.0,4.0,inf,inf,1308629.75,1308629.75
PHI,Philippines,2016,104875266.0,0.0,1.0,0.0,1.0,inf,104875266.0,inf,104875266.0
POL,Poland,2016,37970087.0,6.0,3.0,2.0,11.0,18985043.5,12656695.666666666,6328347.833333333,3451826.090909091
POR,Portugal,2016,10325452.0,1.0,0.0,0.0,1.0,inf,inf,10325452.0,10325452.0
PUR,Puerto Rico,2016,3406672.0,0.0,0.0,1.0,1.0,3406672.0,inf,inf,3406672.0
QAT,Qatar,2016,2595166.0,0.0,1.0,0.0,1.0,inf,2595166.0,inf,2595166.0
ROU,Romania,2016,19702267.0,2.0,1.0,1.0,4.0,19702267.0,19702267.0,9851133.5,4925566.75
RUS,Russia,2016,145015460.0,20.0,17.0,19.0,56.0,7632392.631578947,8530321.176470589,7250773.0,2589561.785714286
SRB,Serbia,2016,7058322.0,2.0,4.0,2.0,8.0,3529161.0,1764580.5,3529161.0,882290.25
SVK,Slovakia,2016,5430798.0,0.0,2.0,2.0,4.0,2715399.0,2715399.0,inf,1357699.5
SLO,Slovenia,2016,2065042.0,1.0,2.0,1.0,4.0,2065042.0,1032521.0,2065042.0,516260.5
RSA,South Africa,2016,56422274.0,2.0,6.0,2.0,10.0,28211137.0,9403712.333333334,28211137.0,5642227.4
KOR,South Korea,2016,51217803.0,9.0,3.0,9.0,21.0,5690867.0,17072601.0,5690867.0,2438943.0
ESP,Spain,2016,46484062.0,6.0,4.0,7.0,17.0,6640580.285714285,11621015.5,7747343.666666667,2734356.588235294
SWE,Sweden,2016,9923085.0,3.0,6.0,2.0,11.0,4961542.5,1653847.5,3307695.0,902098.6363636364
SUI,Switzerland,2016,8373338.0,2.0,2.0,3.0,7.0,2791112.6666666665,4186669.0,4186669.0,1196191.142857143
TPE,Taiwan,2016,,2.0,0.0,1.0,3.0,,,,
TJK,Tajikistan,2016,8725318.0,0.0,0.0,1.0,1.0,8725318.0,inf,inf,8725318.0
THA,Thailand,2016,70607037.0,2.0,2.0,2.0,6.0,35303518.5,35303518.5,35303518.5,11767839.5
TTO,Trinidad,2016,1469330.0,1.0,0.0,0.0,1.0,inf,inf,1469330.0,1469330.0
TUN,Tunisia,2016,11685667.0,3.0,0.0,0.0,3.0,inf,inf,3895222.3333333335,3895222.3333333335
TUR,Turkey,2016,79277962.0,4.0,3.0,1.0,8.0,79277962.0,26425987.333333332,19819490.5,9909745.25
GBR,UK,2016,65611593.0,17.0,23.0,27.0,67.0,2430059.0,2852677.9565217393,3859505.470588235,979277.5074626865
USA,USA,2016,323071755.0,38.0,37.0,46.0,121.0,7023299.021739131,8731669.054054054,8501888.289473685,2670014.504132231
UKR,Ukraine,2016,45038236.0,4.0,5.0,2.0,11.0,22519118.0,9007647.2,11259559.0,4094385.090909091
UAE,United Arab Emirates,2016,8994263.0,1.0,0.0,0.0,1.0,inf,inf,8994263.0,8994263.0
UZB,Uzbekistan,2016,31847900.0,7.0,2.0,4.0,13.0,7961975.0,15923950.0,4549700.0,2449838.4615384615
VEN,Venezuela,2016,30741464.0,2.0,1.0,0.0,3.0,inf,30741464.0,15370732.0,10247154.666666666
VIE,Vietnam,2016,93126529.0,0.0,1.0,1.0,2.0,93126529.0,93126529.0,inf,46563264.5
